#{"t_start": 1763240285.0248914, "env_id": "LunarLander-v3"}
r,l,t
-162.339975,61,9.284547
-257.857793,99,9.331758
-337.257047,118,9.391965
-121.966728,63,9.420505
-133.418425,91,9.461632
-112.278308,63,9.492315
-216.841116,85,9.531452
-159.215732,123,9.589339
-155.196967,86,9.629461
-394.739076,104,9.675702
-200.124912,139,9.959738
-52.48693,80,10.003517
-520.197326,96,10.061575
-248.103804,101,10.11876
-156.264758,71,10.161865
-258.353715,110,10.215238
-263.168645,67,10.24881
-136.772741,87,10.289502
-81.24574,93,10.33165
-121.397263,79,10.370378
-349.355688,114,10.421988
-13.924905,114,10.487194
-126.348908,82,10.709256
-91.449706,99,10.76585
-218.01037,126,10.835068
-311.521806,113,10.89301
-254.068057,62,10.92758
-375.860969,92,10.969265
-144.545052,147,11.035468
-311.873036,115,11.08625
-138.215085,107,11.135792
-247.951306,110,11.361741
-93.795932,63,11.393865
-416.733172,131,11.458446
-85.499698,136,11.528487
-163.380034,94,11.581102
-97.525296,73,11.619215
-60.12007,131,11.682839
-342.705224,107,11.731474
-129.871722,76,11.765537
-300.967777,84,11.807243
-125.376233,119,12.043135
-79.046518,59,12.073167
-185.814012,81,12.114211
-61.365657,73,12.15291
-87.333935,85,12.192959
-62.62434,87,12.237122
-137.173301,64,12.267525
-183.704567,64,12.295668
-92.161253,90,12.338239
-260.090729,99,12.3861
-241.086511,115,12.439264
-96.254454,64,12.470787
-98.507173,80,12.506885
-122.594919,78,12.723792
-112.208994,102,12.779754
-68.978933,76,12.822913
-96.438119,127,12.893053
-40.989234,73,12.932621
-116.513795,85,12.973884
-86.22279,89,13.017406
-62.955883,122,13.074608
-184.798344,135,13.137384
-269.421466,166,13.212861
-319.038351,92,13.456496
-144.142416,87,13.504171
-120.978825,79,13.545334
-78.56537,70,13.584768
-96.789601,73,13.625239
-86.965225,64,13.657001
-166.7711,149,13.724673
-121.748753,113,13.779833
-320.166242,84,13.819027
-187.342879,89,13.858635
-333.102115,86,13.900702
-328.020441,95,14.124138
-203.499107,103,14.180227
-302.25244,90,14.229197
-168.953842,85,14.269279
-89.030483,78,14.309867
-94.604151,67,14.359331
-118.803183,110,14.413999
-62.522835,76,14.478329
-300.348736,87,14.535747
-186.094946,93,14.587315
-171.637617,71,14.628901
-45.78357,117,14.696562
-254.905243,125,14.981291
-292.317461,78,15.029111
-89.849325,79,15.073075
-65.943255,65,15.122021
-74.957398,98,15.171219
-216.326657,120,15.233015
-78.744311,58,15.260077
-134.04598,102,15.310676
-241.996515,75,15.352129
-280.110578,85,15.403196
-123.189859,83,15.448836
-101.157838,105,15.689848
-111.971548,63,15.722872
-119.251171,99,15.776961
-9.300712,166,15.86903
-134.134985,71,15.903141
-218.443732,89,15.942161
-130.184786,68,15.97528
-109.683572,80,16.011852
-83.62937,64,16.040925
-228.314655,115,16.50642
-128.18939,98,16.556625
-121.238959,84,16.775099
-75.936966,78,16.815883
-89.363732,63,16.853576
-77.53672,65,16.890145
-48.03387,85,16.935189
-116.653311,90,16.985517
-261.607397,135,17.049182
-147.04421,88,17.091395
-342.738599,125,17.151656
-90.390701,70,17.186727
-141.852303,92,17.233385
-341.033079,90,17.28083
-116.526647,128,17.531002
-103.217868,91,17.575541
-170.420654,94,17.626122
-217.623934,129,17.693356
-55.430089,136,17.758028
-113.900968,149,17.823697
-78.50467,92,17.871287
-161.919308,113,17.923384
-109.516161,66,17.956569
-68.867407,63,18.169601
-103.783748,72,18.209731
-159.556933,137,18.287442
-126.107676,90,18.336568
-84.197613,90,18.384691
-243.143581,96,18.431365
-24.961074,112,18.482004
-78.917973,74,18.521099
-57.011783,67,18.551377
-305.085194,130,18.613199
-17.217707,105,18.664313
-132.570337,87,18.884976
-8.780632,84,18.934542
-245.937924,124,18.999627
-213.27138,89,19.048256
-104.570609,106,19.100124
-84.636445,86,19.138319
-107.286138,74,19.176486
-173.697177,124,19.233092
-115.242308,93,19.277676
-119.556438,118,19.330554
-175.105312,90,19.563164
-132.645696,115,19.624758
-121.867361,70,19.658266
-125.405236,85,19.70483
-89.346727,141,19.777072
-217.685696,122,19.836559
-111.640642,74,19.870127
-83.350272,93,19.911371
-52.895136,88,19.955778
-97.877557,82,19.99234
-207.778313,142,20.058524
-127.070855,78,20.287835
-171.367203,117,20.353917
-92.56049,82,20.399217
-177.368939,135,20.468781
-275.278312,101,20.515852
-69.635421,66,20.545396
-151.970524,88,20.586439
-139.638303,71,20.619579
-50.489433,66,20.649178
-129.217578,88,20.690509
-167.813188,130,20.754662
-98.305141,79,21.027746
-188.100285,102,21.081817
-70.780193,80,21.128456
-147.127053,97,21.177047
-119.385154,108,21.227235
-101.208427,106,21.279026
-170.12048,112,21.329217
-118.982837,115,21.386393
-176.674437,127,21.443134
-130.30747,91,21.486233
-78.379794,97,21.723318
-42.940468,86,21.767951
-179.594953,112,21.825053
-219.887222,109,21.877641
-52.248904,116,21.934277
-46.823641,75,21.96704
-190.44698,143,22.03505
-105.18386,119,22.089636
-248.307729,142,22.156093
-150.288537,100,22.379353
-155.951045,109,22.441602
-29.882312,78,22.487329
-90.386651,73,22.525877
-103.28648,108,22.580483
-189.962746,137,22.646669
-88.995369,79,22.684722
-116.25226,109,22.736917
-200.845801,117,22.791611
-196.91003,94,22.835742
-67.396803,80,23.074568
-108.099333,88,23.125633
-120.326924,72,23.165173
-137.257077,99,23.216912
-74.986617,127,23.286844
-94.547734,80,23.326205
-89.72388,70,23.97956
-106.69209,92,24.051518
-73.956143,96,24.099036
-46.617906,75,24.136676
-117.568066,88,24.176773
-86.203957,86,24.218876
-26.872166,158,24.481588
-223.5846,148,24.565139
-78.560497,84,24.608785
-298.847649,155,24.684637
-146.139231,85,24.723231
-131.006085,131,24.789529
-65.280788,122,24.846206
-19.637292,120,24.905346
-157.499532,132,25.160357
-117.179351,107,25.220742
-178.306155,219,25.341577
-153.506109,117,25.395712
-124.448014,116,25.45383
-189.027875,140,25.524032
-138.945155,86,25.570215
-35.275478,94,25.615805
-108.275815,96,25.849453
-76.189548,140,25.923095
-113.942115,93,25.979036
-108.596537,175,26.065784
-141.661714,91,26.11309
-131.18263,106,26.161722
-63.70024,145,26.236405
-190.826142,143,26.309036
30.212644,86,26.353103
-110.94504,109,26.626385
-165.762873,84,26.673983
-123.549043,93,26.721529
-124.074613,110,26.784128
-73.541311,85,26.823345
-100.407532,79,26.863662
-83.682066,96,26.937877
-197.20625,134,27.013024
-75.966137,95,27.060109
-85.690379,113,27.117279
-26.161886,122,27.361455
-46.971745,77,27.406244
-145.647525,148,27.486864
-75.265439,98,27.537152
-116.897619,113,27.589786
-108.844655,80,27.629141
-192.61928,98,27.676877
-147.962317,109,27.726999
-201.595396,99,27.779604
-77.85318,93,27.825702
-77.155886,132,28.077493
-82.976512,115,28.143678
-93.128131,127,28.211677
-142.349194,119,28.267901
-250.302963,131,28.334066
-150.237128,158,28.408749
-96.896547,104,28.45741
-234.572511,114,28.51655
-100.535334,137,28.776328
-157.156734,110,28.831657
-92.2125,90,28.881226
15.388836,125,28.945161
-38.059618,128,29.007378
-205.191005,113,29.058756
-79.949741,97,29.105372
11.990971,92,29.148507
-212.835128,134,29.211669
-89.852114,100,29.44773
-71.575846,95,29.501323
-118.556129,101,29.55562
-116.331155,105,29.613392
-100.44062,93,29.658026
-160.448146,107,29.704774
-135.510151,111,29.758938
-140.542097,102,29.810178
-143.33003,122,29.878048
-207.206657,107,29.933215
-17.320436,88,30.204607
-60.314897,67,30.249071
-46.995915,90,30.3182
-61.461907,88,30.374458
-53.199339,104,30.436272
-83.199767,86,30.47836
-161.021329,115,30.538593
-136.559258,80,30.577693
-109.981618,110,30.638124
-91.094734,114,30.69073
-214.287844,115,30.941539
-5.513935,138,31.014833
-73.109689,144,31.091902
-85.115119,132,32.287899
-104.645202,119,32.348263
-36.79727,139,32.414923
-67.442991,134,32.481874
-112.659647,99,32.528257
-91.15142,95,32.571576
-170.987777,173,32.844661
-114.403064,88,32.890088
-53.318402,74,32.929489
-246.263805,124,32.988578
-105.137478,75,33.025937
-77.982203,84,33.06554
-186.102569,152,33.131134
-96.388228,130,33.194501
-52.18782,66,33.227109
-77.341132,140,33.473675
-54.619375,73,33.51188
-97.393424,107,33.563062
-88.736265,99,33.618173
-51.265245,117,33.676596
-70.006821,90,33.721683
-39.023339,81,33.758322
-87.493128,69,33.789862
-95.83618,115,33.848765
-225.635747,110,33.901525
-70.797135,91,33.945663
-246.976614,138,34.20521
-60.122965,123,34.270822
-26.365592,84,34.316
-93.67457,82,34.356953
-114.278046,101,34.40558
-194.849228,90,34.446146
-54.372115,71,34.481858
-243.174711,112,34.533521
-71.315785,130,34.597679
-62.889681,121,34.844081
3.282709,173,34.935505
-41.206783,86,34.979544
-51.374415,97,35.036564
-87.58723,67,35.067094
-100.161148,129,35.130921
-86.066848,80,35.167992
-83.587533,127,35.231625
-42.306928,70,35.26571
-5.915283,94,35.310815
-95.996485,139,35.567669
-132.378087,83,35.613442
-132.129421,138,35.686071
-78.469121,113,35.741379
-61.871579,173,35.821875
36.7232,85,35.860506
-68.488957,145,35.931677
-57.618929,80,35.969825
-172.577009,130,36.035015
-33.280505,136,36.29537
-33.498119,92,36.349215
0.896745,87,36.394753
-90.044691,108,36.450864
-64.299948,80,36.488077
-63.828984,83,36.526152
-87.092883,103,36.577278
9.845754,96,36.621477
-101.808321,129,36.68499
-91.67163,82,36.721545
-66.888842,130,36.978749
-46.069012,117,37.040304
-33.146471,78,37.078336
-38.14133,104,37.135799
-82.887545,143,37.203403
-75.742609,109,37.258577
-84.402086,160,37.334968
-120.401661,155,37.407411
-209.912558,145,37.68328
-28.69683,165,37.76639
-25.173591,129,37.832044
-59.07696,99,37.881615
18.402367,196,37.974972
-186.307987,120,38.036594
-88.1311,129,38.099704
-17.789829,136,38.407545
-56.437067,124,38.472136
-4.645336,113,38.525923
-87.333655,68,38.563445
-151.712473,139,38.631085
-13.897374,91,38.6777
-73.381208,96,38.726304
-8.525221,88,38.770945
-82.273978,151,38.844668
-40.31756,97,38.894127
-8.653987,143,39.767477
-77.487046,125,39.825601
-63.920434,149,39.897123
14.763279,95,39.944588
-76.562458,127,40.011933
-38.206169,156,40.086702
-100.880955,142,40.153025
-51.858913,117,40.208749
-30.088708,122,40.443413
-46.810091,150,40.527157
-53.076144,162,40.609845
-20.893083,125,40.669606
-138.56718,125,40.723765
-49.306935,125,40.787424
31.556451,1000,41.551943
1.519398,122,41.608338
-11.868053,113,41.664608
-3.940878,221,41.978694
-137.352593,116,42.044857
6.735537,118,42.109982
-8.88441,213,42.219781
-4.04171,95,42.264409
-35.610551,155,42.343154
-12.133165,151,42.619561
-38.133905,146,42.693231
-23.626396,178,42.789459
-3.027244,175,42.876673
-17.341284,118,42.930254
-114.948076,141,43.000381
-104.426383,114,43.057575
-23.192772,94,43.10163
-27.126165,164,43.385757
12.632352,137,43.461514
-35.349036,191,43.556247
-224.187844,99,43.603445
-59.81491,149,43.675334
-96.477681,132,43.739772
-48.48518,166,43.822939
-71.471829,112,44.063728
-88.580301,160,44.147671
-66.95783,167,44.233075
-56.025172,102,44.282866
21.145217,117,44.334657
-12.757176,158,44.414489
-30.558586,157,44.49415
13.022607,144,44.756202
-15.834611,170,44.852212
-92.579984,266,44.989667
-30.035352,157,45.064356
-36.197185,166,45.145087
-25.739014,242,45.437212
12.73686,187,45.545212
19.719001,157,45.630277
-131.721721,127,45.691507
-28.182059,127,45.751131
-53.10765,115,45.805377
-4.328024,119,45.860491
-83.43358,186,46.134776
-47.680565,186,46.239987
-33.759933,148,46.318252
-135.597398,114,46.375063
-69.084157,101,46.420682
-44.840542,137,46.48701
-77.361007,132,47.61364
-10.111276,107,47.683822
-2.927002,182,47.980719
-12.574206,98,48.037777
8.30687,195,48.14145
-2.072377,169,48.224106
-21.527456,148,48.292902
-27.476444,148,48.364753
-14.801703,137,48.59856
-15.71766,161,48.682219
-79.971657,189,48.779275
2.46663,178,48.867318
-53.339352,184,48.953672
24.114037,146,49.023015
-46.775994,156,49.092196
-55.209472,180,49.356055
-32.98835,155,49.43886
-10.500117,117,49.495703
-29.704312,205,49.591912
23.100673,109,49.642286
-0.639075,150,49.713557
-9.432702,111,49.762182
-38.172023,114,50.014677
-26.56687,168,50.116434
4.582691,163,50.198683
-32.922389,233,50.30664
-61.470535,168,50.387508
-22.420404,145,50.456884
-25.876943,114,50.715312
-30.936134,93,50.767391
-117.730845,259,50.904616
-5.014824,172,50.9864
-47.858621,210,51.079774
2.810352,132,51.141776
-91.161444,171,51.410039
-98.946173,225,51.530664
22.522923,173,51.619022
-34.97053,128,51.681659
-50.947368,183,51.769793
14.306273,160,51.843568
-81.316521,109,52.106505
-62.004946,166,52.197906
-42.669074,186,52.305373
-245.835621,116,52.360598
-22.804219,142,52.429013
53.12592,1000,53.110095
29.128475,108,53.159188
19.018228,147,53.227936
20.626221,214,53.507085
-31.86463,163,53.599036
22.928721,162,53.688674
-86.932539,167,53.769502
-22.044433,231,53.87899
-135.562763,156,53.953621
-42.315263,125,54.193058
15.56074,158,54.27525
-29.684426,101,54.328329
-145.62726,113,54.383465
-170.705589,168,54.46922
-58.658717,139,55.286991
47.822881,152,55.35831
25.747051,134,55.422062
-8.743361,163,55.680963
20.149019,164,55.773112
-94.135868,152,55.84976
17.165683,182,55.938461
-17.553872,1000,56.661204
-27.463156,108,56.711651
-71.658197,152,56.7811
-25.767004,163,57.036708
-1.996276,99,57.088254
-44.078364,140,57.158363
-89.46374,139,57.230466
-19.741491,131,57.295195
-4.317119,110,57.344884
13.015683,151,57.419542
-35.360858,138,57.486343
-26.335427,83,57.703325
-33.190244,130,57.768873
7.849427,123,57.832925
29.872243,113,57.892984
44.371501,1000,58.578383
-13.710082,188,58.664964
-42.021654,148,58.738608
19.713223,181,58.825496
-45.103547,118,58.880505
-91.332669,82,59.100617
-26.694104,102,59.155168
-26.843742,171,59.251268
-37.68448,248,59.371539
-6.578082,136,59.432183
51.213383,193,59.52125
-184.447368,112,59.574282
-105.497656,212,59.863001
-153.479412,176,59.961362
17.372337,1000,60.640731
25.276989,131,60.705734
-21.983611,136,60.769872
-18.387654,90,60.816005
15.590703,176,60.90127
-15.394463,122,60.957627
-17.98408,193,61.231425
-8.57689,114,61.293015
-23.637585,106,61.353202
-0.305091,148,61.418312
24.784354,164,61.495164
-43.606773,151,61.566952
6.237912,157,61.637136
-25.130184,128,61.881702
-123.417452,284,63.484615
-29.567509,116,63.544297
-136.108946,133,63.605153
-35.849193,81,63.645109
-48.61481,136,63.707866
-44.353621,145,63.777496
-13.182054,277,64.100097
-42.82638,1000,64.78327
24.605174,1000,65.458354
-89.361845,188,65.557702
3.806429,138,65.621675
-50.084892,186,65.712936
-21.829095,141,65.779802
11.537823,156,65.85499
-46.704702,93,66.078228
-17.001966,117,66.136096
-9.551199,126,66.203205
-7.222815,115,66.260794
35.651364,170,66.341558
8.338641,108,66.393004
2.74998,197,66.481196
-88.636966,105,66.531899
41.19224,1000,67.210768
-102.8117,131,67.463645
-58.347151,102,67.51921
1.734756,151,67.595856
-6.869593,1000,68.272941
-11.020795,1000,68.966753
-20.059928,1000,69.653001
-18.986122,158,69.734162
-14.573029,134,69.79576
-54.195452,141,69.867302
43.37527,155,69.944596
25.344442,173,70.202979
-16.163034,176,71.412158
-43.832887,105,71.462303
22.142259,166,71.542331
-46.890641,167,71.625616
38.372125,124,71.679921
28.677593,140,71.749396
-40.453908,108,71.800825
-38.492017,253,72.110331
-13.884832,114,72.173883
-61.535646,141,72.240499
-18.821985,119,72.295164
20.183906,116,72.349324
-3.034428,118,72.404118
31.946685,183,72.66168
37.895718,175,72.754382
-28.71722,83,72.797413
-53.716684,94,72.84851
69.272046,171,72.939526
-130.291686,195,73.032896
-52.434859,254,73.151509
-29.187449,145,73.392939
17.629687,172,73.479004
-19.238684,121,73.543067
-61.881049,123,73.601811
1.542004,176,73.683252
-0.014901,150,73.753191
35.91266,182,73.841267
-40.551664,114,74.079637
-5.441172,187,74.179265
126.000438,1000,74.877328
-7.153965,131,74.942966
-10.677314,146,75.014102
15.452857,134,75.073038
29.934715,227,75.180954
-43.918872,149,75.484585
-80.01414,139,75.560634
-16.661562,160,75.645267
-20.280627,182,75.731911
-56.590448,111,75.786552
-42.982056,100,75.831795
-87.712978,138,75.899512
-16.259496,142,75.965676
-66.669276,91,76.205479
66.460348,126,76.271851
12.322261,139,76.347413
-341.742507,227,76.457569
-39.739986,128,76.516105
24.63738,192,76.607731
-74.644278,281,76.931543
-31.103086,134,76.999638
12.504488,163,77.081492
-70.190913,106,77.133303
-4.668125,129,77.196345
-120.474784,244,77.310368
18.665782,169,77.58578
29.856768,124,77.651819
-37.642347,158,77.731431
-45.016741,155,77.806762
-153.769882,176,77.895169
-36.407666,160,77.971341
-43.286285,155,78.974407
-36.06874,123,79.21385
-23.940206,129,79.280449
30.44625,233,79.398571
-75.366349,158,79.470134
15.139585,167,79.549841
-18.970445,140,79.611462
-78.558937,118,79.849116
-21.501334,240,79.976224
12.908058,153,80.05091
2.895981,188,80.140266
75.208207,1000,80.837579
21.339662,155,80.909047
-27.546972,146,80.978795
-29.703984,167,81.229103
-3.683071,203,81.337346
-44.511757,114,81.400063
-50.997056,126,81.461083
3.287484,212,81.557759
-51.973992,159,81.634448
47.091267,1000,82.310342
34.042988,206,82.406571
-4.981572,148,82.686101
46.729002,1000,83.369697
-70.381106,147,83.452285
-17.145793,150,83.530893
5.103618,166,83.611151
-17.963166,225,83.716181
-4.146168,180,83.800403
-48.173473,132,84.05633
-0.164466,160,84.138895
32.956013,235,84.263065
10.009048,235,84.374916
-20.129812,136,84.43574
-146.739716,258,84.746355
0.664263,111,84.807902
-177.231513,421,85.017344
17.375008,128,85.078536
-65.471394,209,85.175506
-22.697153,201,85.454443
0.007841,172,85.542024
-2.020488,170,85.62534
-100.956739,445,86.617627
-79.249268,167,86.903667
33.76906,123,86.968671
-132.943575,277,87.112805
51.468033,1000,87.869114
3.200034,192,87.964652
97.882162,1000,88.726269
-8.981347,222,88.832437
93.949117,1000,89.542859
-30.628241,199,89.635182
26.603229,189,89.912173
-122.559446,239,90.035888
-158.651408,900,90.68858
-29.437881,217,90.797783
45.171344,182,90.88496
51.984545,1000,91.583402
-9.675164,219,91.684098
112.352623,1000,92.361354
64.820665,1000,93.05858
45.76525,169,93.135221
28.784587,1000,94.58268
-59.74061,171,94.862758
35.155123,224,94.981256
-151.506088,231,95.091256
-267.274884,404,95.275921
-24.865982,179,95.569492
28.067069,327,95.742838
45.813719,186,95.832569
-57.285073,302,95.968707
1.717834,381,96.341863
71.178949,193,96.449043
-136.219075,203,96.549964
73.159405,1000,97.248522
80.823081,1000,97.949186
-63.351527,182,98.034239
-86.974416,233,98.336596
-71.907503,491,98.581117
-221.639626,339,98.739817
-68.027251,384,99.110299
131.427415,1000,99.829655
82.431735,1000,100.506104
-14.887965,204,100.614065
-0.460459,269,100.741917
-44.055283,212,100.841362
90.084176,1000,102.513057
-195.96264,478,102.930554
-51.30462,253,103.052606
52.118276,1000,103.746255
-19.884679,1000,104.435938
115.651444,1000,105.129456
-67.183334,239,105.242062
147.397471,1000,105.948598
-79.176698,165,106.02297
-99.193469,196,106.30822
-87.050125,206,106.422303
-7.718251,182,106.517385
28.825217,180,106.600127
155.292115,1000,107.296319
-252.093308,506,107.733123
-111.832747,225,107.844223
-2.253396,256,107.967373
-50.07371,314,108.113014
-51.407585,233,108.410593
-4.476177,113,108.480048
11.612154,221,108.597929
-23.808009,256,108.717725
135.093147,1000,110.69227
26.658544,292,110.83009
-52.120526,238,111.140889
-25.117786,1000,111.82717
100.574781,1000,112.510564
20.890656,232,112.637734
30.502547,1000,113.365614
23.68868,302,113.506141
-81.536619,231,113.615143
121.320929,1000,114.332115
118.898096,1000,115.059439
134.311662,1000,115.748151
-0.666266,260,115.868055
21.203766,184,116.144118
-90.603951,194,116.242739
148.124834,1000,116.942476
-14.486737,175,117.02262
-50.919008,256,118.647008
-77.054178,207,118.746317
-137.701286,615,119.248493
95.905745,1000,119.944761
90.988695,1000,120.63802
-61.432366,260,120.757653
40.298809,1000,121.447377
127.351477,1000,122.152069
149.415611,1000,122.850858
29.576393,226,122.960619
133.14782,1000,123.661936
-22.817121,231,123.96261
4.832259,359,124.175994
-122.844171,351,124.341817
141.672403,1000,125.045198
112.531636,1000,127.391705
-63.016073,351,127.74824
127.673824,873,128.197222
38.62211,1000,128.884581
84.780717,1000,129.574334
129.895021,1000,130.268414
73.148826,1000,130.949518
133.518203,1000,131.673324
-31.278187,440,132.093072
-19.808666,409,132.294666
68.521655,1000,132.979512
73.880579,1000,133.651086
76.363685,1000,135.636538
89.176372,1000,136.358737
61.746492,1000,137.039923
55.725736,1000,137.717689
81.84117,1000,138.393162
-51.663321,628,138.885684
-22.029923,492,139.136655
74.88382,1000,139.81406
68.876882,1000,140.478614
-114.860822,424,140.680732
90.915519,1000,141.384036
89.041911,1000,142.066917
-8.338487,402,144.124852
-14.776919,332,144.27892
80.297671,1000,144.977841
88.687985,1000,145.707288
95.975676,1000,146.426443
166.964271,617,146.931609
-20.747537,343,147.105792
124.179425,1000,147.847078
63.303336,1000,148.540954
-49.138706,291,148.676331
138.820889,1000,149.380983
168.675663,1000,150.094141
110.2885,1000,150.799648
103.945099,1000,153.155834
176.225315,478,153.570683
178.665316,416,153.78806
87.035601,1000,154.476967
126.798256,1000,155.166083
132.018382,1000,155.858626
105.78852,1000,156.539253
137.963709,1000,157.225646
93.411227,1000,157.922214
-52.923983,321,158.079325
137.333982,1000,158.783346
-43.870768,260,158.912816
84.49822,1000,161.19216
78.822707,1000,161.884188
137.906856,567,162.349439
21.936765,1000,163.037084
100.332839,1000,163.710778
-80.058249,386,163.894288
126.105189,1000,164.571323
109.88957,1000,165.281729
146.091538,1000,165.98513
-5.730204,333,166.327114
103.070893,1000,167.034308
92.222928,1000,167.54743
96.036775,1000,169.965792
44.726535,1000,170.666194
78.508719,1000,171.366143
-14.412407,412,171.797216
-4.632077,245,171.917815
132.541706,1000,172.602767
45.840525,1000,173.290853
114.056624,1000,174.000537
-10.670137,290,174.136007
104.633197,1000,174.850766
114.958637,1000,175.541117
139.180616,1000,176.24394
99.310413,1000,178.616513
144.697171,1000,179.295951
147.377128,1000,179.992891
143.323496,1000,180.675934
114.941771,1000,181.379371
-24.550104,348,181.538885
89.566495,1000,182.241735
170.214618,1000,182.930089
115.447925,1000,183.625977
214.782334,431,184.059293
197.501111,428,184.269762
95.114236,1000,184.955838
111.561379,1000,187.328786
127.43766,1000,188.033104
153.539868,1000,188.755434
99.052662,1000,189.450131
-6.352744,309,189.601992
139.43121,1000,190.324985
29.083974,292,190.659453
145.642988,1000,191.36289
100.903538,1000,192.063916
112.58961,1000,192.755368
104.849471,1000,193.450388
92.653833,1000,195.822336
129.184201,1000,196.348476
115.973515,1000,197.109281
-4.395787,320,197.475808
96.44036,1000,198.193881
-20.554167,334,198.358171
-41.043129,308,198.496187
-47.079385,422,198.90297
172.938334,1000,199.603037
152.654911,1000,200.315813
99.348803,1000,201.000075
-31.850695,341,201.174176
132.953351,1000,201.885434
161.056927,1000,204.241507
-15.176659,269,204.364902
145.768906,1000,205.054571
51.314864,1000,205.752918
102.758658,1000,206.471975
103.690379,1000,207.157516
148.602061,1000,207.868161
151.127739,1000,208.581924
146.806792,1000,209.265265
147.033269,1000,210.00642
18.75016,237,210.117506
130.516154,1000,210.821898
43.01694,330,211.164703
122.447275,1000,213.565419
137.35917,1000,214.260362
193.904579,861,214.712416
105.974924,1000,215.434443
105.770872,1000,216.129602
126.000716,1000,216.817245
131.630894,1000,217.509192
-54.446797,226,217.804153
62.107608,1000,218.489691
137.175583,1000,219.000772
109.533567,1000,221.178102
-38.049231,320,221.568844
-16.792479,319,221.725885
-88.152236,438,222.13236
160.244613,561,222.42251
63.664352,1000,223.102857
101.941533,1000,223.801911
120.0469,1000,224.487652
-80.387095,390,224.672097
110.640096,1000,225.36896
-49.01054,300,225.71022
74.138251,1000,226.392477
150.654106,1000,227.07244
183.326297,625,227.395713
162.93573,1000,229.760131
98.717386,1000,230.466096
35.193204,282,230.594952
138.870949,1000,231.295341
-2.516201,309,231.638543
140.684291,1000,232.344273
142.4592,1000,233.026706
54.772424,1000,233.735532
134.120995,1000,234.442081
113.650125,1000,235.136748
91.298068,1000,235.830328
104.960281,1000,236.524324
158.019203,1000,238.478475
126.565676,1000,239.167982
107.037978,1000,239.683154
-19.003449,236,240.015998
111.766046,1000,240.706599
116.436645,1000,241.397813
119.303254,1000,242.087692
128.85436,1000,242.779326
98.673378,1000,243.466106
144.417953,1000,244.159485
108.748851,1000,244.849313
9.523559,282,246.111847
137.528166,1000,246.787951
113.109473,1000,247.485665
103.180409,1000,248.18227
147.852,1000,248.893038
129.100283,1000,249.605988
134.241645,1000,250.322721
136.641443,1000,251.028073
132.786956,1000,251.727169
-2.023528,305,251.886161
109.618305,1000,252.574767
160.435895,1000,254.115648
-13.969055,293,254.260268
146.26263,1000,254.957932
130.930189,1000,255.639429
133.992165,1000,256.339863
174.342202,1000,257.035431
116.704712,1000,257.719979
-43.949411,364,257.885999
132.205546,1000,258.628513
114.379579,1000,259.314083
17.545605,322,259.669949
16.773538,360,259.850702
100.365524,1000,260.555248
120.7258,1000,262.855941
145.104523,1000,263.549907
115.146447,1000,264.23982
135.606651,1000,264.942295
149.021091,1000,265.634772
123.520685,1000,266.320898
125.337093,1000,267.013892
85.194423,1000,267.693012
123.605747,1000,268.386184
78.078637,1000,269.086521
122.364528,1000,271.396213
141.531654,1000,272.070798
84.231373,1000,272.799568
118.584779,1000,273.547926
135.048548,1000,274.261386
120.799413,1000,274.970766
105.41329,1000,275.672242
122.212473,1000,276.347914
145.028906,1000,277.03166
-53.800028,332,277.205942
78.664473,1000,278.991027
124.304694,1000,279.681302
167.413877,454,279.901064
129.72258,1000,280.597894
164.660932,1000,281.295385
9.49983,315,281.63171
-40.408243,351,281.818078
160.489239,1000,282.524949
112.646618,1000,283.274657
154.680229,1000,283.948938
213.782344,561,284.230273
168.973285,1000,284.920935
231.409414,333,285.275417
-6.486447,258,285.411103
113.461318,1000,286.9996
168.884371,1000,287.713801
145.56623,1000,288.412229
204.859276,433,288.625067
89.352575,1000,289.315557
131.590187,1000,290.009382
-60.205707,279,290.140552
123.972293,1000,290.833845
115.776288,1000,291.523041
62.569514,329,291.882
154.175971,1000,292.593882
136.4465,1000,293.286076
156.390873,1000,295.251546
129.465403,1000,295.945316
9.668164,272,296.088581
215.661852,423,296.291619
178.104833,1000,296.982105
117.163096,1000,297.72156
3.739066,286,298.056245
-6.156798,285,298.203989
169.420962,1000,298.899616
137.881778,1000,299.612134
-34.46914,301,299.755929
-48.986458,270,299.880646
18.127312,295,300.214319
190.184342,587,300.51004
96.618097,1000,301.193361
-27.531402,299,301.568347
119.178643,1000,303.286931
144.059068,1000,303.994946
143.786241,1000,304.67449
158.870152,1000,305.387254
159.52195,1000,306.111847
-57.625223,262,306.423596
-15.511858,325,306.588872
-13.467203,305,306.735115
138.936922,1000,307.432894
16.95175,257,307.551769
226.931514,435,307.98572
151.686843,1000,308.69317
-13.547995,288,308.833142
-42.431537,276,308.96004
122.919652,1000,309.64423
130.888849,1000,311.090522
12.985754,284,311.428005
139.897855,1000,312.127309
144.846822,1000,312.813445
122.744767,1000,313.496397
125.29714,1000,314.172703
135.874147,1000,314.852193
130.776227,1000,315.548706
152.14128,1000,316.242932
172.23534,1000,316.761864
124.320776,1000,317.451283
-16.152256,299,319.153072
131.954374,1000,319.824885
-28.581121,299,319.981915
-12.62324,325,320.128932
121.428659,1000,320.826715
-25.381059,299,321.165822
0.08182,326,321.33567
178.769168,1000,322.032368
90.134618,1000,322.718846
148.939176,1000,323.417148
129.129268,1000,324.099122
91.32948,1000,324.778132
106.768246,1000,325.483884
83.982171,1000,327.65285
109.643943,1000,328.35087
81.052215,1000,329.032508
147.818393,1000,329.757136
-57.309683,317,329.918655
-38.927851,379,330.092339
-10.134609,386,330.476488
-30.71876,291,330.618041
207.379171,590,331.084285
137.454475,570,331.376994
-49.621114,299,331.516423
160.128463,1000,332.223295
130.779441,1000,332.917912
115.675993,1000,333.608095
-32.188008,310,333.955932
150.127213,1000,335.562924
109.282525,1000,336.274611
133.865272,1000,336.973075
115.847049,1000,337.654131
-5.053143,308,337.823901
108.49649,1000,338.52804
132.459575,1000,339.226911
103.170473,1000,339.922448
210.897791,349,340.08687
169.528406,1000,340.78189
119.389924,1000,341.466382
177.920567,1000,343.541068
81.251621,1000,344.223998
199.615936,343,344.384318
116.369438,1000,345.082846
170.708541,1000,345.774961
114.915169,1000,346.481084
113.486874,1000,347.198707
128.197114,1000,347.877029
159.70822,1000,348.590169
36.625941,194,348.683459
-38.881149,196,348.96496
36.389923,215,349.090499
118.798707,1000,349.778578
-9.661644,207,349.877966
-37.200828,250,349.993338
124.394082,1000,351.888381
43.690112,209,351.983619
-20.454558,208,352.280288
190.851584,342,352.455179
-20.656028,222,352.556265
0.692237,227,352.666189
170.149945,347,353.025642
186.658361,1000,353.729704
-47.949081,253,353.85352
258.705827,239,353.966649
42.682631,185,354.052925
159.71058,1000,354.770544
-56.145553,214,355.06064
60.91531,234,355.181376
-39.585778,225,355.290772
112.320852,1000,355.979929
119.359316,1000,356.689876
192.28577,1000,357.390391
127.535263,1000,358.105034
166.466579,1000,359.461435
-32.812971,200,359.555728
35.259703,192,359.643484
20.662077,208,359.924767
159.424183,1000,360.448494
124.056798,1000,361.172488
215.706845,942,361.860991
-4.654447,226,362.144984
196.621984,403,362.369338
210.330546,285,362.505138
177.520552,323,362.844911
152.042237,1000,363.560542
32.537066,229,363.691049
160.926162,1000,364.385914
197.704044,537,364.653479
241.035639,314,364.986471
208.546467,375,365.184683
-23.584507,239,365.295712
159.681703,1000,365.998315
161.221281,1000,367.375112
170.036827,1000,368.066197
6.317422,210,368.159946
174.127391,1000,368.879744
35.891905,200,369.165183
-18.725794,177,369.262947
4.740706,219,369.37545
40.420273,215,369.475629
164.525805,1000,370.186933
-5.461941,238,370.295829
-10.100157,214,370.573971
-26.072641,211,370.685809
9.655099,193,370.781309
43.039977,165,370.867925
116.995606,1000,371.548015
225.862078,335,371.705487
210.411411,296,372.049663
148.454726,1000,372.738076
-0.728399,215,372.857284
231.102108,343,373.034228
14.753103,174,373.115126
22.685034,201,373.405016
-22.339713,221,373.528365
24.372464,233,374.538305
148.806517,1000,375.253643
138.934254,1000,375.952404
-4.587158,217,376.054434
139.611831,1000,376.753271
108.47751,1000,377.457912
-52.074746,235,377.566491
109.115583,1000,378.25725
117.943192,1000,378.961762
130.447343,1000,379.688081
13.901958,196,379.778367
41.191155,196,380.060218
27.550176,215,380.181973
221.514379,428,380.393169
138.569345,1000,381.092199
9.039486,213,381.195964
226.653765,446,382.672051
20.959312,221,382.775834
145.145599,1000,383.455968
147.20574,1000,384.173342
-55.563859,219,384.27509
219.671845,378,384.647022
120.183538,1000,385.33116
143.182298,1000,386.038786
100.339686,1000,386.744734
16.419772,260,386.885269
125.28779,1000,387.588425
123.039767,1000,388.289645
135.597878,1000,388.973381
-19.651792,272,389.10804
252.929807,305,389.250703
151.332866,1000,391.209263
213.628379,402,391.58683
51.080989,232,391.704075
-40.532673,275,391.831195
140.781976,1000,392.539227
141.257655,1000,393.240773
127.705652,1000,393.94217
230.091909,373,394.112607
116.220962,1000,394.816199
210.201284,423,395.215444
119.213375,1000,395.904846
138.639278,1000,396.606212
175.620975,1000,397.305451
41.280512,241,397.421005
3.434582,286,399.245335
126.809209,1000,399.943276
191.888185,423,400.356644
166.129737,1000,401.07906
150.832062,1000,401.771001
37.975937,263,401.903575
143.384474,1000,402.596668
-28.650198,237,402.70596
184.574514,1000,403.401082
237.390061,298,403.546449
133.226455,1000,404.282346
129.077021,1000,404.988
152.710562,1000,405.689972
195.064152,363,406.064247
122.899051,1000,407.795662
133.853519,1000,408.499621
177.640166,1000,409.213648
-2.518212,247,409.346349
123.943786,1000,410.060475
110.533975,1000,410.756622
115.452537,1000,411.441987
-45.722185,272,411.57653
193.240369,385,411.758964
-27.990786,240,412.069955
-51.151479,231,412.193003
-33.901546,270,412.324284
229.875904,783,412.926053
102.441176,1000,413.611765
204.020781,320,413.768739
92.640679,1000,415.937123
151.385504,1000,416.671287
107.314111,1000,417.380556
163.155231,1000,418.089776
189.980914,559,418.570435
119.255193,1000,419.256463
-85.598002,266,419.386127
174.317307,366,419.560506
189.417673,385,419.931987
145.397788,1000,420.616784
0.393513,189,420.721306
137.289265,1000,421.421467
-48.722086,214,421.526238
-36.382085,223,421.628327
21.135446,287,421.765365
114.681928,1000,422.454441
169.984851,1000,424.262751
113.659881,1000,424.962485
-39.011797,293,425.308174
90.600823,1000,426.009054
142.578221,1000,426.6903
80.342444,1000,427.396437
-27.915037,230,427.524962
88.319977,1000,428.229821
-14.2253,286,428.364986
-32.663105,234,428.474072
-41.426629,234,428.768044
199.814278,338,428.9501
117.285519,1000,429.688012
214.210818,349,429.86179
-46.840342,243,429.974295
81.130586,1000,431.773285
192.42124,372,432.154545
231.942418,353,432.32627
-67.186721,268,432.450763
135.636632,376,432.828839
162.529655,1000,433.524082
8.59205,295,433.673813
194.432052,761,434.250415
-26.191487,238,434.370226
237.223743,476,434.598068
164.029952,1000,435.293446
161.935278,1000,435.999101
199.61334,529,436.468855
163.196139,1000,437.177932
118.737372,1000,437.884912
206.457149,405,438.094783
218.269264,554,438.568897
155.205555,1000,440.771223
161.241436,1000,441.478297
152.554423,1000,442.176253
176.446345,717,442.531864
-54.985492,314,442.880266
129.27611,1000,443.594056
18.715205,226,443.709152
148.308743,1000,444.404528
193.096636,330,444.57344
103.850879,1000,445.261017
193.533602,316,445.602026
-32.083456,306,445.763743
118.457433,1000,446.464357
161.277229,1000,447.151139
112.876372,1000,449.236032
129.581878,1000,449.933049
154.558714,427,450.144578
-10.105387,249,450.256464
139.588389,1000,450.958233
157.098035,1000,451.661634
187.59802,335,452.019766
206.579523,335,452.191631
-20.256244,303,452.328618
105.530751,1000,453.043183
152.703889,1000,453.745573
126.67214,1000,454.440127
105.278001,1000,455.147393
133.345526,1000,457.280572
115.176535,1000,458.000515
106.149204,1000,458.707972
225.339837,449,459.101851
133.024402,1000,459.801959
101.76254,1000,460.484903
151.039463,1000,461.172217
104.676497,1000,461.674014
127.250187,1000,462.363558
149.278439,1000,463.062109
132.826785,1000,465.043315
99.237433,1000,465.719432
133.445646,1000,466.394909
148.853274,1000,467.080706
111.13141,1000,467.744651
121.777083,1000,468.419313
-24.093767,238,468.705677
130.359508,1000,469.371236
116.037149,1000,469.860509
103.47093,1000,470.550983
205.549837,475,470.985316
80.511418,1000,471.662441
156.241116,1000,473.610759
140.655945,1000,474.287694
128.037916,1000,474.97046
145.309494,1000,475.657262
104.364915,1000,476.327575
128.172616,1000,477.027121
116.551819,1000,477.707866
235.972407,729,478.05821
208.546962,480,478.485911
96.808448,1000,479.156029
127.769771,1000,479.852028
208.347925,571,481.357071
172.077235,504,481.797154
114.127631,1000,482.470392
-5.504116,342,482.625314
-20.648051,394,482.991789
93.319137,1000,483.683689
110.50684,1000,484.341841
117.528805,1000,485.023841
107.212066,1000,485.712785
116.9054,1000,486.393031
122.628945,1000,486.881036
132.196554,1000,487.531038
102.309352,1000,489.514371
71.887105,1000,490.178259
112.845783,1000,490.839639
-13.494555,310,491.165797
144.497097,1000,491.828633
93.047187,1000,492.488058
108.397698,1000,493.129057
96.665026,1000,493.774064
103.392446,1000,494.4314
150.074829,1000,495.0946
100.059317,1000,497.371719
126.409594,1000,498.02966
124.495642,1000,498.520664
121.759753,1000,499.20144
111.787548,1000,499.928544
103.361414,1000,500.654041
124.99264,1000,501.361487
115.002708,1000,502.035751
107.01632,1000,502.707604
135.094032,1000,503.395381
3.650471,334,503.731528
95.534743,1000,506.071597
217.052923,359,506.255829
127.58531,1000,506.948561
129.596631,1000,507.667616
83.762116,1000,508.355842
104.898505,1000,509.043414
115.172537,1000,509.746404
99.219803,1000,510.435712
123.689811,1000,511.138036
143.214314,1000,511.83634
97.895443,1000,512.513654
122.106112,1000,514.329622
7.331855,238,514.449524
-10.673348,346,514.612908
-25.986564,259,514.922238
128.919292,1000,515.590414
132.501895,1000,516.286214
134.134775,1000,516.79474
117.071045,1000,517.464761
1.742648,391,517.86916
118.158935,1000,518.558239
-9.019874,311,518.701464
103.499198,1000,519.384983
126.065704,1000,520.072937
238.119367,472,520.494015
-18.763956,214,521.799629
95.072825,1000,522.487546
121.323291,1000,523.186332
114.992112,1000,523.877295
123.732141,1000,524.576861
4.722897,291,524.722118
109.039503,1000,525.410358
141.27148,1000,526.090583
113.275588,1000,526.785289
138.835118,1000,527.471718
129.626426,1000,528.152791
120.561785,1000,529.633995
158.594512,1000,530.327325
113.668517,1000,531.004376
115.850415,1000,531.709394
132.68341,1000,532.432809
135.008175,1000,533.19475
97.143561,1000,533.918841
121.877807,1000,534.599221
123.052852,1000,535.289688
101.614279,1000,536.002041
210.197763,380,536.205505
141.192722,1000,537.855232
154.58527,1000,538.549463
132.153692,1000,539.244822
126.312228,1000,539.93433
139.695595,1000,540.626442
151.421056,1000,541.307792
122.969751,1000,542.011115
-8.37956,271,542.147952
147.358902,1000,542.843692
127.18375,1000,543.540575
159.63949,1000,544.226095
122.4594,1000,545.829214
120.843909,1000,546.507676
153.844087,1000,547.191454
151.076587,1000,547.898515
135.301217,1000,548.630647
-5.687726,232,548.746016
161.345892,1000,549.433425
143.498449,1000,550.185804
127.096624,1000,550.883287
-33.40165,251,551.0022
122.550188,1000,551.712111
231.288765,311,552.040463
117.461258,1000,553.472319
22.233131,226,553.596036
218.374773,557,553.873701
3.292675,273,554.19447
145.458509,1000,554.884154
-56.761051,249,555.022512
142.427275,1000,555.731189
148.844531,1000,556.43174
9.172209,251,556.56453
122.624174,1000,557.267753
159.039605,1000,557.950391
147.883128,1000,558.647829
162.764236,1000,559.342261
143.867979,1000,560.683274
150.437576,1000,561.373868
-9.987935,253,561.492514
211.452137,332,561.660352
119.211161,1000,562.399428
115.620206,1000,563.094183
102.768919,1000,563.785948
-17.543215,209,564.072201
103.209657,1000,564.852341
-25.275907,247,564.982492
141.421775,1000,565.65838
154.084989,1000,566.342577
100.125929,1000,567.036069
248.975997,402,567.233418
116.829433,1000,568.610648
154.473862,1000,569.273198
132.978596,1000,569.948397
109.152855,1000,570.639334
152.628466,1000,571.327039
134.253296,1000,572.036353
-27.469438,494,572.269457
116.48188,1000,572.96052
132.612678,1000,573.650363
200.375337,628,574.150808
127.676836,1000,574.901582
122.281841,1000,576.418726
-46.953473,350,576.581269
122.277801,1000,577.27765
149.619952,1000,577.954395
121.059252,1000,578.635523
-18.099439,404,579.019818
237.045013,785,579.413977
115.707482,1000,580.102366
131.551135,1000,580.790783
-8.961455,331,581.135805
161.229508,1000,581.821961
132.875668,1000,582.50108
172.828198,1000,583.950467
-20.087268,355,584.139623
135.248853,1000,584.81162
117.491559,1000,585.593427
128.101062,1000,586.317429
84.760089,1000,587.04571
159.347611,1000,587.73935
170.368062,1000,588.42199
126.474221,1000,589.090307
254.280871,462,589.312317
225.409795,718,589.838531
227.424106,592,590.112805
21.656311,431,591.122881
46.60095,195,591.212815
250.85391,827,591.775832
29.412548,260,591.897822
9.792027,193,591.988795
130.213605,1000,592.652596
225.618208,442,593.043589
264.128205,833,593.617588
155.146814,1000,594.278659
26.861507,277,594.415659
-5.726379,259,594.54268
255.843447,708,595.05166
234.309261,354,595.223734
21.311011,229,595.327668
242.201072,672,595.837667
134.285546,1000,596.508461
260.325704,446,596.717453
0.386626,172,596.972959
259.934128,486,597.206965
240.608361,367,598.03893
246.982595,355,598.399928
252.277106,377,598.593355
234.577164,830,599.170688
220.404906,335,599.326677
150.105018,1000,600.015351
260.273722,555,600.446337
254.615378,349,600.619509
241.284403,383,600.796166
22.040397,231,601.083154
35.731557,206,601.189162
242.020909,383,601.366169
19.405178,212,601.628163
254.40414,416,601.840048
243.127819,410,602.031062
271.536033,535,602.462397
214.932287,822,603.041181
258.478906,558,603.320183
250.073751,455,603.733179
287.606596,373,603.920186
19.831248,223,604.020181
-15.306084,219,604.121184
15.734165,235,604.408251
-35.584894,202,604.515802
258.308379,321,605.290112
264.339797,379,605.648447
-3.954447,245,605.779661
204.33104,713,606.114688
261.248684,415,606.492074
234.969925,302,606.631082
258.154968,370,606.971606
281.578019,785,607.368062
242.977654,856,607.956921
261.934171,341,608.112916
275.312222,371,608.475195
38.331853,294,608.612201
248.656665,380,608.782205
23.945635,197,609.05266
232.252904,312,609.207659
23.400466,233,609.315303
269.729493,282,609.446818
228.447632,289,609.780817
98.440297,1000,610.456943
105.0683,1000,611.126482
-12.834926,241,611.251561
225.385015,348,611.410689
219.551484,414,611.833383
257.220041,330,612.575644
226.675697,576,613.021642
226.57853,372,613.216639
34.951705,291,613.34964
244.783427,433,613.735295
223.14805,310,613.8923
18.462211,204,613.989304
128.833443,1000,614.653296
287.071778,424,615.035296
217.220215,388,615.226312
278.07842,343,615.381297
-7.253656,239,615.492301
260.067474,405,615.87793
245.266513,345,616.039922
242.816696,643,616.529414
256.91924,605,616.816411
204.682656,358,617.171687
248.625093,363,617.340691
264.210618,404,617.691682
250.672356,367,617.889276
-16.367156,209,617.983756
268.560342,333,618.136276
264.848982,290,618.454283
267.856031,300,618.601289
93.501328,1000,619.864283
247.002854,366,620.036283
39.10884,287,620.352784
253.451615,495,620.595786
258.514605,294,620.72778
253.222331,315,621.048784
261.804081,319,621.202849
276.879239,372,621.375788
47.390795,357,621.728777
217.450845,469,621.946964
242.748089,318,622.092957
246.324161,324,622.440459
244.027524,333,622.599463
268.076498,514,623.02187
111.208294,1000,623.704878
258.626694,352,623.876878
263.838089,348,624.037877
256.003992,294,624.343876
256.028414,366,624.539446
251.209986,368,624.706509
260.90851,502,625.17744
240.982087,396,625.35845
269.007827,416,625.71003
266.164141,370,625.895101
2.893305,226,625.998032
254.973749,390,626.954541
263.515609,313,627.123837
234.364994,316,627.272931
220.457812,338,627.428927
274.752335,583,627.942948
254.429088,304,628.08694
258.972127,349,628.458792
144.730602,553,628.747323
119.992016,1000,629.446548
253.429295,371,629.789542
246.365148,404,629.991957
231.446558,404,630.176957
244.308837,359,630.527956
259.071435,392,630.714964
233.371522,420,631.090636
247.161521,589,631.38264
254.929831,340,631.538645
253.027136,322,631.878633
232.998107,377,632.061635
248.476614,387,632.234643
230.606057,400,632.612634
222.507949,387,632.787641
224.758223,411,633.164937
4.697182,240,633.280937
238.990856,328,633.432943
219.853125,389,634.468602
243.276769,375,634.668672
241.279976,485,634.895606
266.737163,327,635.245939
237.851329,361,635.421185
210.197015,366,635.585171
250.937124,427,635.972406
293.974963,329,636.123425
249.370389,423,636.541613
257.456274,396,636.738909
236.247993,398,636.918839
245.644371,338,637.251244
243.228181,370,637.432227
267.661384,439,637.627009
234.037359,378,638.003163
31.321854,307,638.142173
258.947372,419,638.504241
233.111642,389,638.707552
216.527225,365,638.873553
248.114964,349,639.210548
24.39661,259,639.344068
275.759563,358,639.525856
252.517093,405,639.88472
265.330125,325,640.049502
250.842057,372,640.221507
262.872958,344,640.568502
244.910465,347,641.36878
248.793041,358,641.557038
272.816024,373,641.931409
264.22908,351,642.110415
258.623336,362,642.274409
254.180883,397,642.643412
285.127551,522,642.894411
248.292645,371,643.244418
239.651894,397,643.437918
284.677714,359,643.601924
239.422869,346,643.953426
248.360614,354,644.126935
284.879635,421,644.491936
219.027687,361,644.681934
255.892249,374,644.85094
180.811379,561,645.314195
228.25643,383,645.493203
272.33812,313,645.63831
228.173067,404,646.004818
237.42599,391,646.192127
279.334756,390,646.549786
249.724452,341,646.715795
248.574552,435,646.914848
242.267831,390,647.274794
2.322897,348,647.440794
250.028323,341,647.598792
212.202058,376,648.722815
172.861661,825,649.292037
199.267991,433,649.504095
260.637837,366,649.670036
29.799929,354,650.013122
216.768265,376,650.199253
260.476448,367,650.368717
232.133456,379,650.734759
247.626618,328,650.887762
197.658801,422,651.255759
268.435128,405,651.453768
264.776461,447,651.654759
90.796731,1000,652.317054
257.06399,357,652.662927
267.932857,368,652.835934
232.039741,343,652.993931
229.644253,365,653.347257
268.964358,386,653.531259
256.765196,368,653.698264
225.004861,326,654.038259
240.508912,341,654.196264
230.517863,329,654.349264
240.766691,377,654.717819
287.590314,340,654.879452
243.471871,324,655.028452
238.684175,365,656.026453
292.770332,337,656.177481
248.462898,368,656.507451
241.308893,396,656.701452
296.03993,315,656.853575
238.49068,392,657.211703
264.418331,371,657.397363
242.269836,343,657.559373
240.25339,343,657.89736
290.759022,362,658.078367
254.138348,365,658.244365
243.996827,445,658.640941
254.455566,348,658.805942
261.702674,410,659.161239
269.039232,400,659.374248
271.306875,421,659.571243
265.8645,514,659.995239
281.427249,569,660.265241
260.564834,373,660.621239
267.981175,424,660.845241
285.61454,336,660.998247
228.526044,379,661.379116
268.031588,382,661.557119
239.327687,368,661.904513
261.162973,359,662.081521
272.160442,393,662.882636
246.927033,364,663.259262
224.800001,360,663.442024
264.66341,313,663.589544
281.428442,409,663.961586
280.489519,324,664.120581
278.362316,470,664.516583
230.233902,407,664.730584
227.86737,414,664.918588
260.185352,343,665.25358
248.926952,377,665.448956
279.668124,346,665.619492
258.216675,509,666.038487
244.852975,364,666.201494
252.808684,365,666.548486
99.138403,1000,667.2224
282.145309,359,667.402406
251.746811,365,667.572417
287.076857,382,667.930192
282.080438,342,668.101183
267.02554,356,668.266189
237.240533,359,668.618236
239.795728,378,668.807243
254.301729,470,669.020239
226.454503,396,669.382235
274.492714,366,670.208287
247.96175,369,670.559289
259.727452,379,670.757286
240.512446,355,670.921113
254.524675,484,671.338105
112.767681,1000,671.997353
261.874091,429,672.206614
225.089533,343,672.575293
298.866502,491,672.825296
243.068594,369,672.990292
-8.072319,297,673.298556
21.206707,285,673.437556
237.700883,382,673.614609
240.953299,388,673.970556
239.778188,371,674.163555
265.043342,340,674.322296
254.94916,630,674.812233
271.932894,365,674.978298
253.509323,390,675.343064
273.503786,363,675.520072
271.587443,743,676.056226
249.580951,489,676.289232
241.679178,410,676.663963
178.307455,1000,677.942295
264.454651,440,678.157304
267.594105,814,678.750402
215.642071,373,678.92347
254.050602,389,679.268403
242.764498,380,679.463406
168.239976,1000,680.114481
266.320479,467,680.333467
232.864647,375,680.69803
246.854312,365,680.871768
265.648605,319,681.014761
240.479212,382,681.370753
28.73182,279,681.501755
237.069666,375,681.671829
255.899881,402,682.048182
218.619096,332,682.200245
236.582056,366,682.538183
58.343446,274,682.677181
285.496595,328,682.838095
275.747057,348,682.995399
284.443443,422,683.376395
235.215677,376,683.547401
258.906624,317,683.866407
40.216447,273,684.615425
260.013891,322,684.758418
244.131716,409,685.180825
261.070056,311,685.343825
240.154535,376,685.520836
274.967453,536,685.954216
245.521448,313,686.108222
270.528491,348,686.268217
272.952416,326,686.597216
240.627368,333,686.760224
263.040935,403,686.941687
270.0952,346,687.29199
251.602737,303,687.43598
267.987949,473,687.836099
255.01039,364,688.038103
284.610776,391,688.2161
249.199605,309,688.526098
236.733417,395,688.727105
244.631051,319,688.872115
210.883995,347,689.212096
235.57793,338,689.385893
268.162885,411,689.5734
224.787396,331,689.902776
248.16985,358,690.080784
228.15119,635,690.553776
274.798016,358,690.727781
267.204096,403,691.540158
-9.456179,282,691.856754
282.343087,332,692.02576
279.902183,344,692.18676
275.363237,326,692.51903
268.05187,343,692.692034
262.000611,380,692.865033
260.239046,365,693.210027
232.825502,366,693.384029
236.447267,349,693.544032
251.899849,398,693.934856
248.209113,492,694.169863
274.135552,354,694.510856
237.697565,361,694.697868
245.125573,336,694.850863
276.028375,333,695.170854
248.23564,387,695.368857
230.747544,385,695.549857
247.325035,340,695.888608
270.080702,395,696.089202
268.391133,323,696.232202
218.065129,363,696.62588
258.872681,335,696.789879
228.651317,339,696.941942
57.700828,251,697.23812
29.225635,273,697.373062
258.816831,337,697.530054
259.754816,319,697.855226
288.955347,328,698.036539
251.82632,363,698.817576
284.40996,311,699.145612
236.354611,341,699.317612
276.526874,342,699.481618
257.43834,362,699.81761
260.593866,437,700.038619
247.205819,329,700.191656
64.103852,272,700.496379
276.955416,312,700.662565
277.322463,325,700.813573
260.768487,378,701.149567
248.931425,334,701.313803
249.947596,325,701.464803
241.165366,345,701.794076
268.562931,355,701.971079
274.608065,344,702.135152
230.680548,313,702.457637
275.323188,346,702.633708
242.87685,383,702.810708
149.174415,1000,703.459214
250.794611,365,703.805211
299.870719,394,704.012283
262.058956,344,704.167274
28.32315,272,704.46224
261.683239,320,704.62894
240.062673,327,704.778466
267.288655,305,704.918474
259.586424,419,705.904844
258.563719,364,706.07183
285.539623,311,706.393821
242.784898,384,706.592129
262.526646,391,706.773148
70.457307,289,707.083334
253.941213,357,707.270335
266.567651,329,707.417341
26.34185,318,707.743583
239.393661,334,707.922614
248.867156,340,708.074542
14.693816,292,708.379951
256.134844,407,708.591951
163.773803,1000,709.301821
221.990156,394,709.483814
257.02611,359,709.826813
243.986102,359,710.003821
250.202871,340,710.158817
257.033657,345,710.50033
10.969516,293,710.646339
229.908066,387,710.823337
251.960369,375,711.170635
218.974958,344,711.335641
261.026598,358,711.501642
141.834265,1000,712.152639
263.708442,434,713.158635
238.295222,397,713.343565
219.490214,340,713.49756
28.386329,268,713.820098
293.780397,339,713.981039
280.035871,351,714.143046
19.174825,233,714.420056
255.484468,319,714.577302
141.384039,1000,715.248324
32.981097,297,715.389147
283.803115,344,715.712442
247.376752,377,715.898449
257.669389,337,716.052447
256.561459,345,716.390635
234.769006,355,716.568639
69.191856,242,716.672643
239.767533,471,717.063635
263.730582,458,717.288643
260.428386,364,717.450643
278.783389,688,717.975562
263.127438,403,718.156554
254.038094,324,718.500866
271.650496,373,718.673446
244.248347,334,718.827382
277.929868,340,719.17038
260.639654,423,719.367445
251.36907,394,720.362331
220.291489,345,720.537068
268.796383,345,720.695072
56.22843,282,721.005064
242.886262,366,721.193068
231.556516,339,721.347135
274.961812,358,721.697064
261.442312,354,721.883874
249.701157,372,722.057114
281.480919,372,722.462263
267.861547,302,722.611269
231.59201,292,722.74027
266.310391,375,723.101331
253.216653,344,723.280337
274.718473,381,723.450334
263.884995,336,723.786077
267.61728,356,723.966079
277.335784,337,724.120023
252.453718,346,724.46349
128.259689,1000,725.12749
13.556705,280,725.275699
259.068097,299,725.413623
245.425035,353,725.758615
265.29684,311,725.913614
253.876382,317,726.058701
262.756512,373,726.411006
245.412648,302,726.569007
255.833485,576,727.470001
290.530633,328,727.800993
257.013723,302,727.951001
273.665993,312,728.094002
265.671953,300,728.418881
235.00753,309,728.588871
219.312344,358,728.753878
274.76393,315,729.07287
261.098027,432,729.298552
259.435084,306,729.438551
284.939463,305,729.752549
270.524021,556,730.032554
258.629846,385,730.381546
274.265652,344,730.575831
271.99099,310,730.723358
255.734167,308,730.862355
260.387765,329,731.204347
267.928943,386,731.386347
262.603045,326,731.536355
271.852393,316,731.862348
-0.370042,260,731.984355
141.039348,1000,732.657397
235.64449,354,732.822261
239.948755,330,733.154262
250.376149,355,733.330258
252.700435,415,733.525319
268.11108,373,733.887255
41.199311,258,734.618573
247.894128,350,734.779565
271.171304,394,735.148153
243.980968,347,735.309156
288.373399,317,735.453158
269.009797,363,735.80215
259.651159,352,735.974158
250.759725,313,736.117158
246.37397,368,736.469251
259.609954,327,736.626257
253.283859,317,736.768259
234.59058,376,737.133212
244.15967,393,737.322223
276.39029,380,737.67521
233.502555,354,737.852704
246.197413,307,737.994708
275.898921,329,738.3087
267.10272,338,738.475702
289.665312,370,738.649792
273.688457,278,738.777709
262.681076,341,739.12886
300.150801,338,739.297513
257.483449,316,739.440576
260.135426,326,739.770504
268.900516,282,739.909503
268.261355,503,740.313503
296.901459,304,740.466505
263.199725,317,740.61951
274.656287,413,740.983504
277.379905,376,741.725717
237.437957,341,741.881714
222.062907,406,742.236703
278.021408,337,742.402716
245.210595,327,742.550709
273.751963,320,742.872702
238.936648,302,743.019704
230.667459,328,743.170711
268.13401,369,743.527446
287.598506,319,743.696607
298.982377,304,743.838606
281.161791,408,744.204606
255.507441,357,744.386614
285.688332,404,744.573606
288.255048,345,744.903613
285.592847,338,745.07168
271.937823,314,745.211675
267.479647,464,745.607606
290.912523,423,745.810086
279.949923,315,745.955081
281.971976,354,746.321078
308.709392,317,746.473078
294.913913,591,746.970288
249.697414,357,747.141287
152.959377,1000,747.819983
282.101551,548,748.829703
287.630239,741,749.200704
234.110328,306,749.51671
274.265995,489,749.757705
286.845422,336,749.908711
250.74221,336,750.246741
263.70418,379,750.431741
285.883124,351,750.608746
277.909354,349,750.966947
253.151658,357,751.138954
263.524502,416,751.491088
245.537806,324,751.656161
266.462212,372,751.825162
249.219793,377,752.186831
217.12783,336,752.361151
278.963938,326,752.511139
272.659487,310,752.832131
251.507563,358,753.0246
284.826287,349,753.1826
219.564505,393,753.545649
261.835142,319,753.707657
232.277882,454,753.917657
268.085126,311,754.230649
260.31808,370,754.423526
270.135934,334,754.579073
280.624061,288,754.930075
285.218881,357,755.118299
293.851467,313,755.8408
241.655375,356,756.180757
235.819029,374,756.371767
247.416929,356,756.543758
295.751912,410,756.91233
266.096098,309,757.061341
284.425023,314,757.205416
234.975416,330,757.545338
272.658788,444,757.767341
148.147206,1000,758.427345
255.788278,364,758.592337
234.527868,373,758.953264
248.116917,344,759.115926
271.226978,320,759.259927
277.608721,406,759.687537
249.333035,378,759.864537
253.546574,357,760.19605
277.671768,334,760.36533
242.422448,325,760.513251
230.383263,313,760.851313
283.280663,366,761.049729
237.573808,325,761.195727
237.85895,342,761.514761
236.611236,340,761.690294
210.949672,363,761.862297
263.36757,368,762.202298
283.938604,325,762.368296
272.691629,322,763.143112
253.406155,354,763.480274
250.211462,339,763.649277
242.599096,369,763.821276
264.687112,338,764.157273
227.676305,332,764.330534
246.939192,353,764.490533
294.217775,325,764.813531
158.767519,1000,765.487781
222.770114,319,765.654787
278.342893,323,765.805784
152.992263,1000,766.455278
267.397647,327,766.602117
241.047445,311,766.925111
233.663309,328,767.080186
261.27725,400,767.264451
292.832799,339,767.60341
258.578967,324,767.75686
237.044835,331,767.908857
217.38739,341,768.245427
254.352397,329,768.40643
250.3507,321,768.554435
217.737053,411,768.927435
286.114179,327,769.078436
225.2119,379,769.251431
276.280901,379,770.169675
263.739192,363,770.334674
246.329319,324,770.660833
288.168042,342,770.830268
259.180412,309,770.971275
277.349783,299,771.109278
271.339969,325,771.44927
288.480083,276,771.579276
242.693968,390,771.75889
281.107693,351,772.15597
243.436422,360,772.319978
257.659744,314,772.464984
264.620411,321,772.795972
236.969472,356,772.964982
276.620048,533,773.402861
38.885746,210,773.507864
44.568305,269,773.63387
252.271915,356,773.80002
275.956504,378,774.155385
275.240816,375,774.332387
281.241374,333,774.483387
229.192282,322,774.827387
294.255276,313,774.9714
252.464084,307,775.114393
223.427215,334,775.455555
261.150546,330,775.615558
100.821669,1000,776.282185
234.320009,291,776.413177
49.257383,282,777.283193
230.101961,350,777.447181
265.509308,344,777.605183
256.726516,337,777.941492
259.83999,309,778.096418
271.572344,352,778.267377
273.952978,289,778.575365
263.940881,307,778.733362
263.758366,359,778.90137
248.654603,303,779.03937
290.107382,328,779.38156
235.999998,318,779.532566
237.556869,363,779.70056
212.444683,294,780.016558
243.030966,338,780.179559
254.686079,300,780.319754
234.158092,337,780.655401
217.035188,320,780.815388
253.214523,331,780.965389
242.739704,923,781.589831
282.108749,317,781.901883
237.39857,345,782.073884
275.512372,352,782.233888
266.283062,273,782.357888
269.370812,317,782.691237
258.379247,288,782.831239
265.133748,355,782.994243
286.649504,294,783.328237
266.015082,333,783.497244
262.818665,334,784.2069
266.918069,298,784.565898
244.327026,302,784.723898
275.533671,295,784.859083
251.203849,339,785.188127
266.37338,288,785.330127
276.333229,308,785.477128
259.451919,317,785.621127
259.97222,318,785.941238
239.213932,284,786.075297
296.562789,318,786.218248
260.430633,309,786.539238
231.158167,341,786.711244
57.551347,233,786.82242
43.877278,229,786.926265
267.492409,863,787.515267
264.61747,346,787.850428
269.220767,292,787.998435
246.319855,321,788.148449
292.828427,286,788.452623
14.515046,243,788.57962
293.470695,461,788.797626
269.614417,355,789.127969
51.933192,214,789.237972
245.609066,569,789.514971
239.959338,290,789.828974
34.22301,188,789.91997
242.015292,290,790.061309
49.670761,231,790.166298
292.250118,303,790.474795
51.554448,238,790.599797
14.9354,254,790.722806
55.219047,242,791.392068
