#{"t_start": 1763241569.4602761, "env_id": "GridWorld-v0"}
r,l,t
-9.75,95,0.985963
-30.71,200,1.002956
-23.39,172,1.015881
-19.11,140,1.026882
-27.74,200,1.045873
1.45,64,1.050874
-35.66,200,1.113875
-32.69,200,1.209389
-7.69,87,1.267381
1.62,47,1.291381
-23.78,200,1.390381
-27.74,200,1.486477
-20.81,200,1.58749
-25.47,182,1.677479
-26.75,200,1.778477
-23.78,200,1.871476
2.44,64,1.916504
1.26,83,1.961502
-27.74,200,2.059502
-17.84,200,2.1595
-20.81,200,2.280634
-26.75,200,2.385697
-6.05,121,2.447793
-7.07,124,2.509798
-22.79,200,2.616796
-2.05,117,2.678796
-7.16,133,2.750797
-3.77,91,2.7988
4.4,66,2.840796
1.47,62,2.872796
-7.87,105,2.926796
-2.59,72,2.964796
-5.71,87,3.021028
-10.62,182,3.113029
-2.62,75,3.155028
7.66,37,3.616492
-2.98,111,3.688495
-0.43,54,3.720492
5.79,26,3.735493
1.6,49,3.770494
7.49,54,3.804492
6.59,45,3.829493
-12.47,169,3.922494
3.59,48,3.950492
6.43,61,3.9925
-10.19,139,4.063494
9.71,30,4.078492
-0.55,66,4.120497
1.51,58,4.157493
7.51,52,4.184492
-10.17,137,4.260492
-1.87,99,4.313492
5.46,59,4.353999
5.9,114,4.421485
5.51,54,4.450999
2.97,110,4.510104
0.72,38,4.538106
8.65,37,4.560098
4.33,73,4.599098
8.45,57,4.631397
-8.98,117,4.694391
5.6,45,4.720391
8.53,49,4.745392
-7.47,65,4.783392
1.34,75,4.83339
8.6,42,4.857392
-19.0,129,4.923391
3.56,51,4.954391
8.76,26,4.979389
8.56,46,5.005393
6.65,39,5.02639
3.62,45,5.047389
3.48,59,5.091392
-30.75,116,5.156399
5.63,42,5.178392
-2.24,37,5.204391
-6.87,104,5.264391
7.79,24,5.277393
9.78,23,5.289392
-23.66,100,5.350392
-21.64,96,5.449204
4.73,33,5.472203
7.67,36,5.490203
6.77,27,5.506203
9.67,34,5.535214
6.75,29,5.553204
7.64,39,5.577204
0.49,61,5.611203
4.37,69,5.657205
0.58,52,5.686205
8.74,28,5.708203
3.73,34,5.727203
7.8,23,5.751207
7.72,31,5.768208
-13.67,91,5.820205
4.55,51,5.849204
6.73,31,5.876682
9.81,20,5.893679
-20.33,64,5.93268
7.63,40,5.959984
9.85,16,5.979988
-35.68,114,6.048223
7.78,25,6.062224
2.78,30,6.08422
6.78,26,6.108262
2.63,45,6.13926
7.84,19,6.150259
9.83,18,6.16326
7.83,20,6.183262
9.6,41,6.211261
3.62,45,6.24226
0.68,42,6.27126
1.61,48,6.30726
6.65,39,6.331262
1.72,37,6.354263
9.86,15,6.365263
7.66,37,6.393469
5.33,72,6.439471
2.73,35,6.461469
-5.89,105,6.527469
4.76,30,6.554694
0.53,57,6.589668
3.81,26,6.604673
3.72,35,6.627723
-6.55,72,6.678257
2.69,39,6.701258
1.76,33,6.721259
-0.46,57,7.209709
8.81,21,7.233642
8.8,22,7.253641
-1.37,49,7.288638
8.82,20,7.30464
0.56,54,7.348637
1.81,28,7.371638
6.33,71,7.423641
-0.55,66,7.464637
6.76,28,7.487637
6.81,23,7.503642
5.6,45,7.536561
6.81,23,7.55156
9.82,19,7.57056
8.64,38,7.596558
7.84,19,7.610558
7.81,22,7.624561
8.77,25,7.649561
9.58,43,7.67856
7.73,30,7.69756
7.72,31,7.717939
8.83,19,7.741937
9.86,15,7.755934
8.78,24,7.770934
6.72,32,7.790934
5.69,36,7.818938
9.77,24,7.83594
9.27,74,7.884935
8.76,26,7.899936
5.47,58,7.947966
9.65,36,7.970968
8.85,17,7.983969
8.18,84,8.039967
9.62,39,8.072402
6.72,32,8.097396
5.77,28,8.118747
8.77,25,8.137744
8.77,25,8.159821
5.64,41,8.187822
3.78,29,8.208897
-16.73,100,8.270892
7.67,36,8.303912
9.67,34,8.327893
7.55,48,8.359891
8.64,38,8.385148
8.83,19,8.402147
3.7,37,8.432914
9.82,19,8.450911
5.8,25,8.469912
9.81,20,8.487912
9.6,41,8.518911
9.83,18,8.530913
7.72,31,8.553579
8.78,24,8.573575
5.75,30,8.593576
7.62,41,8.621574
7.7,33,8.640578
8.84,18,8.656577
6.78,26,8.678579
-4.23,38,8.708424
8.78,24,8.727305
9.73,28,8.803523
8.64,38,8.830547
6.64,40,8.854754
9.87,14,8.866761
7.64,39,8.895904
9.83,18,8.910905
8.15,87,8.963905
9.73,28,8.983909
9.61,40,9.015908
5.77,28,9.034905
7.74,29,9.055904
9.58,43,9.087945
9.75,26,9.110944
5.43,62,9.149946
7.73,30,9.170944
-3.22,36,9.194159
6.74,30,9.218155
7.16,87,9.269156
9.75,26,9.284154
7.78,25,9.303155
9.72,29,9.326155
7.32,71,9.369155
7.55,48,9.398549
-2.28,140,9.483535
8.54,48,9.516535
8.28,74,9.569538
9.74,27,9.585535
9.78,23,9.601536
3.34,73,9.655536
6.69,35,9.678535
9.71,30,9.69895
9.37,64,9.739949
6.34,70,9.800951
8.75,27,9.819949
8.7,32,9.836949
6.68,36,9.86595
-12.23,46,9.900952
8.8,22,9.914951
9.66,35,9.93595
8.37,65,9.980952
9.71,30,10.004949
-1.16,28,10.023951
-49.41,101,10.089354
9.87,14,10.102354
8.59,43,10.13744
-3.17,31,10.158438
8.5,52,10.193442
0.78,32,10.214441
-81.52,144,10.31044
-45.48,104,10.37044
8.84,18,10.381459
9.85,16,10.392438
-129.71,200,10.520519
1.81,28,10.54052
-39.62,200,10.665519
-3.17,31,10.683519
2.71,37,10.712518
8.85,17,10.725523
7.79,24,10.745521
8.85,17,10.826518
-5.22,38,10.86252
-144.56,200,10.987054
8.82,20,11.001398
-3.23,37,11.025395
-3.73,87,11.088394
0.84,26,11.106401
0.82,28,11.126399
9.86,15,11.136396
9.85,16,11.151396
6.81,23,11.166905
3.76,31,11.191921
-31.3,72,11.234909
-4.17,32,11.263906
9.87,14,11.274906
9.82,19,11.289906
8.82,20,11.304905
2.74,34,11.334908
-32.25,68,11.377906
9.84,17,11.389905
9.82,19,11.403905
9.85,16,11.422909
9.85,16,11.435914
9.75,26,11.453907
1.84,25,11.470911
-101.42,154,11.573909
6.8,24,11.589906
-8.19,38,11.615906
9.84,17,11.626905
9.87,14,11.646145
9.87,14,11.6585
7.84,19,11.6735
9.86,15,11.684505
-11.37,59,11.7295
-45.22,78,11.782502
9.78,23,11.798502
9.86,15,11.810501
9.86,15,11.826502
9.85,16,11.8405
9.86,15,11.8525
9.58,43,11.883501
9.83,18,11.899502
8.85,17,11.9125
8.8,22,11.9285
7.81,22,11.9435
9.81,20,11.969721
9.85,16,11.981706
-2.2,33,12.004703
9.8,21,12.02103
7.84,19,12.039029
9.87,14,12.049027
4.83,23,12.067027
0.83,27,12.089031
-5.18,34,12.116032
9.84,17,12.131027
9.77,24,12.151029
4.86,20,12.168029
8.82,20,12.191029
9.87,14,12.202027
8.79,23,12.217029
8.77,25,12.234029
9.83,18,12.256027
8.86,16,12.268028
2.83,25,12.284027
2.82,26,12.334305
-9.17,37,12.37366
9.86,15,12.383154
9.87,14,12.396154
5.84,21,12.412157
7.74,29,12.438158
3.82,25,12.458156
8.87,15,12.468156
8.82,20,12.481156
9.87,14,12.497371
7.84,19,12.513525
-34.19,64,12.561876
9.77,24,12.574879
9.87,14,12.588876
5.85,20,12.604876
4.85,21,12.620879
-59.27,97,12.689383
5.81,24,12.712387
-0.16,27,12.731383
-3.15,29,12.753575
6.8,24,12.771573
6.87,17,12.789573
8.85,17,12.802573
9.87,14,12.811573
7.83,20,12.825576
5.86,19,12.844576
9.77,24,12.864579
1.83,26,12.885574
-0.14,25,12.903573
4.72,34,12.931573
8.84,18,12.94459
8.85,17,12.956573
9.87,14,12.970574
9.82,19,12.988576
0.84,26,13.005574
9.86,15,13.019573
9.84,17,13.033578
9.87,14,13.052788
8.85,17,13.066923
9.84,17,13.081939
-8.18,37,13.108949
9.87,14,13.125003
9.87,14,13.134
-10.17,38,13.163006
7.85,18,13.177514
9.87,14,13.197516
9.82,19,13.213515
9.87,14,13.224516
9.8,21,13.240513
9.87,14,13.259515
9.84,17,13.273517
9.84,17,13.286515
-35.23,69,13.342557
7.83,20,13.361557
9.85,16,13.374556
8.87,15,13.385558
9.87,14,13.395556
9.86,15,13.413556
9.87,14,13.424556
9.85,16,13.438557
8.86,16,13.451556
9.75,26,13.477558
-26.15,52,13.517558
9.54,47,13.548062
9.87,14,13.558062
9.84,17,13.576494
9.85,16,13.592495
8.87,15,13.604493
9.87,14,13.614494
9.85,16,13.635491
9.87,14,13.647491
9.85,16,13.660492
9.86,15,13.673493
9.86,15,13.689493
2.81,27,13.708495
-36.2,67,13.760494
9.87,14,13.769491
9.87,14,13.785506
-101.21,133,13.873015
-5.13,29,13.890014
9.87,14,13.903014
9.87,14,13.917013
8.87,15,13.930013
9.85,16,13.943013
9.86,15,13.953012
9.87,14,13.97102
9.87,14,13.982015
9.85,16,13.994013
9.87,14,14.004013
9.85,16,14.018015
9.85,16,14.030013
2.8,28,14.049013
8.82,20,14.063013
9.86,15,14.081013
8.85,17,14.094017
9.86,15,14.107017
9.83,18,14.12106
8.87,15,14.136057
9.84,17,14.152061
9.87,14,14.162337
9.87,14,14.172337
9.85,16,14.191339
9.87,14,14.200348
-43.18,72,14.251352
9.87,14,14.264364
9.82,19,14.280367
8.84,18,14.296365
9.86,15,14.311365
8.85,17,14.326364
8.87,15,14.343364
9.87,14,14.354363
9.85,16,14.365364
9.85,16,14.378441
9.87,14,14.393445
-46.21,78,14.45071
-11.21,43,14.480711
9.87,14,14.48971
9.83,18,14.508711
9.07,94,14.576087
9.76,25,14.593089
9.61,40,14.627089
9.87,14,14.643087
8.85,17,14.65609
-57.19,87,14.719087
9.87,14,14.729087
9.87,14,14.747486
9.87,14,14.761491
9.87,14,14.772486
9.83,18,14.786487
9.87,14,14.871487
8.87,15,14.883487
9.87,14,14.894489
9.87,14,14.906487
8.87,15,14.920486
9.86,15,14.931488
9.87,14,14.94449
9.87,14,14.956489
8.86,16,14.973914
8.87,15,14.983915
9.85,16,14.995914
9.87,14,15.00891
9.87,14,15.023913
9.87,14,15.035911
9.87,14,15.04691
9.87,14,15.057913
1.85,24,15.080915
-55.21,87,15.139935
9.86,15,15.148931
9.86,15,15.161934
9.87,14,15.173936
-156.21,188,15.31307
8.85,17,15.325076
9.86,15,15.336581
9.87,14,15.355588
9.87,14,15.365588
9.86,15,15.376589
9.72,29,15.402279
8.52,50,15.441279
9.87,14,15.450277
9.87,14,15.463336
9.87,14,15.473336
9.87,14,15.491339
9.87,14,15.503339
9.85,16,15.514337
-13.15,39,15.542337
9.87,14,15.56034
-67.17,95,15.62434
9.3,71,15.674337
9.85,16,15.685338
9.11,90,15.759338
9.87,14,15.768337
9.85,16,15.781339
9.87,14,15.792336
9.87,14,15.80734
9.86,15,15.819338
9.22,79,15.876346
9.87,14,15.885348
9.82,19,15.90535
9.87,14,15.915349
9.87,14,15.927348
9.87,14,15.956348
9.87,14,15.987992
9.87,14,16.008991
8.85,17,16.021992
8.87,15,16.032991
9.87,14,16.051994
9.87,14,16.064999
9.87,14,16.075994
9.87,14,16.086992
9.87,14,16.102991
9.84,17,16.11599
9.87,14,16.126992
9.87,14,16.135992
9.87,14,16.15099
-26.22,59,16.194991
9.85,16,16.206244
9.87,14,16.217242
9.87,14,16.232254
9.87,14,16.245254
9.87,14,16.256252
9.87,14,16.269254
9.87,14,16.289904
9.87,14,16.302671
9.87,14,16.313685
7.85,18,16.324676
9.85,16,16.34215
8.87,15,16.354148
9.85,16,16.368149
9.87,14,16.377593
9.87,14,16.397596
9.87,14,16.408598
9.87,14,16.417598
9.87,14,16.426597
9.87,14,16.443596
9.85,16,16.457597
9.87,14,16.466596
9.87,14,16.4776
9.87,14,16.495011
8.87,15,16.509013
9.85,16,16.52101
-54.16,81,16.579019
9.87,14,16.594018
9.87,14,16.608011
9.86,15,16.62301
9.87,14,16.635017
9.85,16,16.654015
9.87,14,16.666014
8.84,18,16.677012
9.87,14,16.68801
9.85,16,16.708013
9.86,15,16.72101
9.87,14,16.734479
9.87,14,16.746479
9.87,14,16.762483
9.87,14,16.776477
9.74,27,16.794477
9.66,35,16.819476
9.69,32,16.850016
9.87,14,16.862014
9.86,15,16.873014
8.83,19,16.888014
9.87,14,16.905014
9.87,14,16.915015
9.87,14,16.927015
9.87,14,16.936016
9.87,14,16.956018
9.85,16,16.970019
9.87,14,16.980014
9.85,16,16.993014
9.85,16,17.009375
9.87,14,17.021723
9.85,16,17.034722
9.84,17,17.047719
9.87,14,17.065772
9.85,16,17.078767
9.87,14,17.090766
9.67,34,17.113769
9.86,15,17.130778
9.87,14,17.142767
9.87,14,17.153776
9.87,14,17.164768
9.87,14,17.181768
8.85,17,17.193769
-44.17,72,17.242816
8.87,15,17.251818
9.87,14,17.270821
-20.21,52,17.308816
9.87,14,17.319818
9.87,14,17.331234
9.86,15,17.346507
9.86,15,17.359507
9.87,14,17.373837
9.86,15,17.38746
-6.17,34,17.423352
9.87,14,17.433359
9.87,14,17.445358
9.87,14,17.453869
9.87,14,17.471866
9.87,14,17.480867
8.87,15,17.49287
9.85,16,17.50939
8.87,15,17.52743
9.87,14,17.537426
9.87,14,17.548434
9.85,16,17.561428
8.87,15,17.576433
9.86,15,17.588427
9.87,14,17.600428
5.83,22,17.618426
9.85,16,17.634427
9.85,16,17.646428
-63.21,95,17.713428
9.87,14,17.729426
8.1,191,17.853429
9.87,14,17.865429
9.87,14,17.875426
9.87,14,17.888427
9.3,71,17.940934
9.77,24,17.968941
9.47,54,18.006936
9.53,48,18.041935
8.87,15,18.05894
9.43,58,18.097934
9.27,74,18.144938
9.24,77,18.195935
9.65,36,18.224939
9.73,28,18.243934
9.65,36,18.269938
9.83,18,18.287109
9.71,30,18.313378
-6.13,30,18.339378
9.87,14,18.348385
9.85,16,18.362382
9.86,15,18.382811
-33.13,57,18.429096
9.86,15,18.439095
9.85,16,18.450098
9.87,14,18.466103
9.85,16,18.482098
9.87,14,18.494096
9.83,18,18.511099
9.87,14,18.528097
9.85,16,18.539095
9.86,15,18.552095
9.86,15,18.564095
9.87,14,18.582097
9.87,14,18.594116
8.84,18,18.611096
9.86,15,18.623095
9.85,16,18.6401
-48.15,74,18.697103
9.87,14,18.708097
-14.13,38,18.741253
9.87,14,18.759603
1.83,26,18.778603
9.87,14,18.790599
9.87,14,18.801603
9.87,14,18.819601
9.87,14,18.832601
9.87,14,18.844602
9.87,14,18.855602
9.87,14,18.872602
9.82,19,18.884604
9.87,14,18.898602
9.87,14,18.907601
9.87,14,18.923601
-60.15,86,18.986623
0.87,23,19.002624
4.86,20,19.447624
9.87,14,19.465626
9.87,14,19.476623
9.19,82,19.543921
9.87,14,19.553077
9.85,16,19.572435
9.87,14,19.584438
9.86,15,19.596447
9.85,16,19.611442
9.71,30,19.640309
9.87,14,19.650309
9.87,14,19.664313
9.87,14,19.673821
9.87,14,19.690825
9.87,14,19.702823
9.87,14,19.713823
9.86,15,19.728822
9.87,14,19.742823
9.86,15,19.75382
9.87,14,19.764823
-41.18,70,19.813821
9.87,14,19.827821
9.87,14,19.842821
-189.11,200,19.970822
9.87,14,19.979822
9.87,14,19.995822
9.87,14,20.005822
9.86,15,20.016823
9.87,14,20.044667
8.87,15,20.094337
8.81,21,20.112334
9.87,14,20.122338
9.87,14,20.13648
9.86,15,20.15248
9.83,18,20.16848
9.87,14,20.181479
9.87,14,20.194479
9.87,14,20.209479
9.86,15,20.22249
9.5,51,20.257483
8.87,15,20.268479
9.87,14,20.284482
9.85,16,20.298486
9.87,14,20.310481
9.87,14,20.322481
9.85,16,20.34148
-89.15,115,20.420655
9.87,14,20.428654
8.87,15,20.440653
9.87,14,20.457655
9.87,14,20.468653
9.87,14,20.481655
9.87,14,20.491653
9.87,14,20.511618
9.87,14,20.521958
9.87,14,20.53412
9.87,14,20.544931
9.87,14,20.561934
9.87,14,20.573927
9.51,50,20.608932
9.26,75,20.659929
9.87,14,20.67493
9.87,14,20.69293
2.83,25,20.712927
9.87,14,20.723927
9.87,14,20.741929
9.87,14,20.752927
9.85,16,20.764927
9.87,14,20.774927
9.85,16,20.791965
8.87,15,20.801967
-108.19,138,20.899419
9.86,15,20.909419
9.87,14,20.924419
9.87,14,20.937419
9.83,18,20.950418
8.87,15,20.963427
9.87,14,20.979427
9.86,15,20.99142
9.87,14,21.005419
9.85,16,21.015419
9.87,14,21.031419
8.85,116,21.129422
9.87,14,21.14142
9.59,42,21.181419
9.73,28,21.208698
9.87,14,21.2237
9.82,19,21.241703
9.87,14,21.257699
9.85,16,21.280698
8.85,17,21.298702
9.87,14,21.315702
9.86,15,21.330712
9.87,14,21.353698
9.87,14,21.368425
9.87,14,21.38543
9.87,14,21.403945
-70.15,96,21.498945
9.78,23,21.524943
9.87,14,21.537943
9.87,14,21.551952
9.68,33,21.597103
9.17,84,21.665105
-2.0,200,21.799554
9.86,15,21.809555
-28.69,108,21.888065
9.4,61,21.928064
9.87,14,21.940064
9.05,96,22.013193
9.87,14,22.026705
9.86,15,22.037778
9.45,56,22.084404
6.85,19,22.099401
-25.13,49,22.137404
9.81,20,22.150403
9.86,15,22.163402
9.86,15,22.177403
9.85,16,22.194402
9.87,14,22.203403
9.87,14,22.214403
8.67,134,22.306401
-133.2,164,22.421422
9.6,41,22.449426
8.7,131,22.537428
9.82,19,22.548422
-12.85,108,22.627424
9.84,17,22.640422
9.6,41,22.668422
-2.0,200,22.800425
-29.81,121,22.882447
-14.87,200,23.008446
-6.95,200,23.128447
-3.98,200,23.243446
-2.0,200,23.789195
-2.0,200,23.926551
-41.6,200,24.059358
-2.0,200,24.177362
-4.97,200,24.308861
-2.0,200,24.431608
-2.0,200,24.550606
-2.0,200,24.678607
-2.99,200,24.803606
-2.0,200,24.932608
-47.54,200,25.060606
-2.0,200,25.181607
-2.0,200,25.31461
-2.0,200,25.440606
-2.0,200,25.566606
-53.48,200,25.697606
-13.88,200,25.829606
-48.53,200,25.951607
-2.0,200,26.080986
-3.98,200,26.201555
-2.0,200,26.343555
-2.99,200,26.466968
-22.79,200,26.587969
-4.97,200,26.713968
-2.99,200,26.845974
-2.0,200,27.384486
7.37,165,27.490995
-19.82,200,27.620993
-2.0,200,27.791254
-26.75,200,27.916254
-7.94,200,28.036255
8.69,132,28.121256
-33.53,196,28.260972
-54.47,200,28.392558
-6.95,200,28.519561
-2.0,200,28.644139
8.71,31,28.669139
-86.01,197,28.796139
-3.42,155,28.899142
-23.76,110,28.967139
-20.81,200,29.104139
-30.71,200,29.226138
-89.94,194,29.349138
8.17,184,29.46943
-87.8,178,29.583433
7.09,193,29.706433
8.11,91,29.764431
9.77,24,29.782434
7.92,110,29.860438
8.47,154,29.956432
-28.26,164,30.057431
9.27,74,30.110438
-30.0,140,30.210435
8.85,116,30.288433
8.01,200,30.423763
9.84,17,30.434762
-61.69,141,30.529966
-182.18,200,30.665144
-2.0,200,31.246142
-24.77,200,31.369142
9.51,50,31.41129
7.32,170,31.51829
-125.75,200,31.651527
-6.79,96,31.712527
9.78,23,31.733529
9.26,75,31.785535
9.14,87,31.840532
8.4,161,31.943527
8.12,189,32.076035
-167.33,200,32.207035
9.79,22,32.222043
-35.66,200,32.350036
-2.07,119,32.429461
-118.82,200,32.567943
-2.0,200,32.697163
-2.0,200,32.823162
-9.07,126,32.917161
-9.68,88,32.975161
-15.86,200,33.108174
-41.6,200,33.237161
9.66,35,33.264169
-2.0,200,33.395161
-20.22,53,33.431167
-106.41,158,33.534162
8.98,103,33.607164
-16.85,200,33.731163
8.93,108,33.800163
-27.55,93,33.864163
8.14,187,33.998162
-11.53,75,34.050164
8.45,156,34.148161
-143.57,200,34.276163
-99.02,200,34.408163
-2.0,200,34.957822
-43.58,200,35.082821
-76.25,200,35.202819
2.51,156,35.30597
-91.1,200,35.43197
-152.48,200,35.55897
-11.9,200,35.67697
-20.81,200,35.80297
-86.15,200,35.931974
8.02,199,36.051972
-155.45,200,36.176973
-36.65,200,36.30497
-91.1,200,36.428972
-27.74,200,36.548973
-44.57,200,36.681973
8.48,153,36.790971
-2.0,200,36.924321
-131.69,200,37.053443
-26.75,200,37.183444
-2.99,200,37.31145
-145.55,200,37.432443
-147.53,200,37.554443
-21.49,180,37.669446
-2.0,200,37.795457
-2.0,200,37.914443
-76.25,200,38.505148
-10.91,200,38.64889
-2.0,200,38.779889
-11.9,200,38.897892
-2.0,200,39.033477
-113.87,200,39.18417
-115.85,200,39.336587
5.08,196,39.466949
-2.99,200,39.607959
-2.99,200,39.742653
-2.0,200,39.876662
8.61,140,39.963653
-76.25,200,40.093653
-2.99,200,40.224661
-2.99,200,40.350926
-2.0,200,40.467927
-2.0,200,40.590934
-2.0,200,40.718926
-11.9,200,40.873315
-2.0,200,41.014319
8.86,115,41.081314
8.93,108,41.155315
8.65,136,41.262506
-2.0,200,41.391182
-2.0,200,41.512185
-2.99,200,41.642182
-2.99,200,41.771185
-2.99,200,42.327509
-3.98,200,42.447519
-2.99,200,42.570507
-2.0,200,42.706511
8.59,142,42.798507
-2.0,200,42.926509
-2.99,200,43.051509
-3.98,200,43.186931
-2.0,200,43.314931
-5.96,200,43.448874
8.95,106,43.517487
7.44,158,43.626995
-2.0,200,43.759995
-2.0,200,43.883999
-2.99,200,44.011024
-5.96,200,44.138017
-2.0,200,44.266292
-2.99,200,44.387368
-2.99,200,44.517367
-2.0,200,44.644367
-2.0,200,44.76737
-2.99,200,44.883618
-13.88,200,45.014619
-2.0,200,45.138616
-2.0,200,45.258626
-2.0,200,45.390629
-2.0,200,45.960342
-2.0,200,46.093342
-2.0,200,46.22234
-2.0,200,46.35134
-101.0,200,46.478342
-2.99,200,46.615342
-2.0,200,46.743342
-3.98,200,46.865343
-16.85,200,46.99734
-2.0,200,47.149783
-2.99,200,47.269784
-2.0,200,47.393292
-24.77,200,47.51929
-2.0,200,47.651799
-2.0,200,47.790277
-2.0,200,47.913845
-2.0,200,48.036845
-2.99,200,48.168849
-29.72,200,48.293846
-2.0,200,48.423846
-2.99,200,48.548848
-2.0,200,48.690356
-2.99,200,48.814355
-2.99,200,48.944355
-89.12,200,49.070355
-95.06,200,49.6225
-73.28,200,49.744291
-57.44,200,49.865293
-82.19,200,49.991532
-2.0,200,50.128665
-2.99,200,50.300987
-2.99,200,50.426368
-53.48,200,50.550368
-2.99,200,50.687368
-2.0,200,50.816367
-2.99,200,50.935631
-2.0,200,51.053631
-3.98,200,51.184752
-2.99,200,51.304748
-12.89,200,51.431749
-28.73,200,51.556142
-4.97,200,51.683145
-22.79,200,51.807147
-2.0,200,51.927142
-2.0,200,52.05049
-2.0,200,52.195776
-10.91,200,52.315092
-3.98,200,52.437093
-5.96,200,52.557609
-11.9,200,52.696069
-66.35,200,53.255071
-3.98,200,53.378065
-2.0,200,53.498065
-4.97,200,53.633073
-3.98,200,53.756065
-5.96,200,53.878065
-2.0,200,53.997067
-2.0,200,54.139416
-2.0,200,54.271421
-2.0,200,54.40101
-2.0,200,54.525012
-3.98,200,54.652024
-2.0,200,54.77401
-2.0,200,54.909011
-13.88,200,55.032013
-3.98,200,55.157011
-7.94,200,55.279014
-3.98,200,55.397074
-2.0,200,55.522196
-25.76,200,55.650198
-2.99,200,55.773196
-5.96,200,55.891198
-2.0,200,56.010197
-2.0,200,56.138618
-2.0,200,56.267626
-2.0,200,56.82202
-2.0,200,56.949528
-2.0,200,57.080528
-2.99,200,57.21053
-2.0,200,57.330531
-2.0,200,57.454863
-3.98,200,57.588864
-5.96,200,57.714863
-4.97,200,57.838863
-2.99,200,57.958863
-2.99,200,58.096863
-2.99,200,58.220863
-2.0,200,58.339867
-2.0,200,58.463864
-2.0,200,58.598328
-2.0,200,58.734386
-2.0,200,58.857387
-2.99,200,58.986387
-2.0,200,59.121386
-2.0,200,59.243388
-2.0,200,59.36339
-2.0,200,59.483964
-2.99,200,59.614965
-2.0,200,59.736964
-2.0,200,59.860964
-2.0,200,60.415761
-2.0,200,60.547759
-2.0,200,60.67176
-2.0,200,60.805552
-2.99,200,60.92614
-3.98,200,61.061464
-2.99,200,61.180452
-3.98,200,61.304453
-2.0,200,61.422917
-2.0,200,61.557919
-2.99,200,61.68192
-2.99,200,61.817605
-2.99,200,61.941602
-3.98,200,62.072612
-2.99,200,62.191604
-2.0,200,62.312604
-2.0,200,62.437608
-2.0,200,62.613742
-2.99,200,62.733741
-2.99,200,62.865742
-2.0,200,63.006131
-2.0,200,63.140826
-3.98,200,63.263833
-2.0,200,63.385831
-3.98,200,63.505836
-2.0,200,64.049139
-2.0,200,64.179139
-2.0,200,64.300137
-2.0,200,64.418137
-2.0,200,64.543137
-2.0,200,64.66814
-3.98,200,64.787138
-3.98,200,64.914138
-2.99,200,65.05415
-2.99,200,65.183457
-2.0,200,65.326198
-2.0,200,65.449197
-2.0,200,65.5832
-2.0,200,65.711197
-2.0,200,65.8362
-2.99,200,65.963197
-2.99,200,66.094201
-3.98,200,66.224197
-2.0,200,66.348205
-2.99,200,66.467199
-3.98,200,66.608514
-3.98,200,66.735517
-2.99,200,66.858567
-2.0,200,66.9796
-2.0,200,67.121517
-3.98,200,67.699181
-2.99,200,67.818217
-2.0,200,67.952712
-2.99,200,68.091459
-2.99,200,68.208457
-2.0,200,68.32746
-2.99,200,68.451464
-2.0,200,68.577831
-2.0,200,68.708046
-2.99,200,68.84257
-2.0,200,68.973565
-2.0,200,69.124889
-2.99,200,69.259878
-2.0,200,69.394132
-2.0,200,69.522989
-2.0,200,69.663172
-3.98,200,69.795227
-2.99,200,69.926329
-3.98,200,70.046318
-2.99,200,70.179599
-2.0,200,70.306519
-2.99,200,70.426759
-2.0,200,70.548756
-2.99,200,70.685757
-3.98,200,70.803758
-3.98,200,71.342846
-5.96,200,71.461918
-3.98,200,71.596683
-3.98,200,71.72354
-2.0,200,71.849617
-2.0,200,71.972539
-2.0,200,72.104545
-2.99,200,72.234004
-2.0,200,72.358005
-14.87,200,72.481004
-8.93,200,72.619362
-4.97,200,72.74537
-2.99,200,72.865365
-2.0,200,72.987441
-2.99,200,73.123362
-4.97,200,73.258371
-4.97,200,73.375364
-2.0,200,73.500369
-2.99,200,73.646498
-4.97,200,73.793915
-4.97,200,73.938524
-3.98,200,74.066739
-2.99,200,74.273645
-9.92,200,74.408029
-3.98,200,74.535629
