#{"t_start": 1763241969.2923694, "env_id": "LunarLander-v3"}
r,l,t
-370.380669,122,1.243525
-114.022227,97,1.288526
-140.778196,94,1.329526
29.41693,87,1.367526
-324.202632,90,1.407526
-146.513282,108,1.454537
-274.550327,91,1.495526
-207.968717,114,1.545526
-461.870649,95,1.586526
-285.946622,96,1.628527
-187.387465,117,1.844526
-65.798065,69,1.875526
-347.023379,117,1.933524
-205.635019,99,1.982527
-200.120986,72,2.01853
-98.892427,71,2.051528
-102.044415,83,2.088529
-184.928279,80,2.124529
-97.180246,68,2.15453
-161.291442,104,2.200531
-104.794053,58,2.227529
-83.48996,58,2.253528
-281.914617,89,2.459523
-413.238231,91,2.504524
-225.31418,78,2.552097
-104.800122,81,2.59165
-235.926911,110,2.645769
-188.842865,99,2.690008
-139.176092,82,2.726989
-186.096752,90,2.764999
-129.625854,66,2.793934
-95.92718,131,2.850934
-96.97961,94,2.890926
9.271417,85,3.099929
-99.96117,77,3.138926
-223.951439,98,3.189937
-55.676015,64,3.224928
-143.890802,70,3.263926
-332.862922,91,3.30799
-82.819482,79,3.342932
-243.243751,87,3.379928
-215.41518,99,3.420926
-241.707702,97,3.461934
-190.428433,91,3.512934
-161.590812,58,3.538934
-141.816388,105,3.737926
-388.671032,92,3.786683
-83.978216,74,3.821683
-311.006928,80,3.861682
-199.624464,82,3.905682
-77.588093,73,3.947688
-101.120024,92,3.98969
-95.462614,76,4.024755
-196.373661,136,4.08268
-380.83753,91,4.121744
-108.047031,93,4.162681
-108.041734,63,4.191684
-81.654228,59,4.21668
-198.508261,116,4.492546
-90.181017,69,4.526485
-126.277785,101,4.580486
-86.526062,77,4.616484
-74.817367,102,4.662492
-159.421349,106,4.711566
-212.592447,98,4.754572
-93.390747,78,4.787758
-85.384295,70,4.818897
-99.996725,97,4.860898
-90.460724,88,4.900896
-145.923979,72,5.098887
-318.114397,112,5.151888
-120.232244,96,5.200889
-248.966363,97,5.245892
-149.084346,81,5.284968
-115.227904,90,5.323889
-167.095665,71,5.354897
-194.895802,72,5.385893
-244.203669,69,5.414891
-72.726516,68,5.443951
-126.673656,90,5.482899
-168.804016,99,5.524897
-125.190524,99,5.731908
-115.208012,67,5.763906
2.037394,90,5.807906
-97.633711,96,5.853906
-128.484858,98,5.904989
-104.803184,66,5.934914
-176.022159,122,5.986908
-150.999225,128,6.041908
-91.06337,68,6.070985
-155.632035,74,6.102914
-267.902496,89,6.140921
-244.742462,80,6.334909
-272.486547,119,6.399909
-106.75195,64,6.434909
-69.258211,61,6.46891
-52.418616,72,6.506909
-116.103184,85,6.547909
-145.435986,94,6.590909
-148.986765,85,6.627909
-316.167845,97,6.672914
1.866021,117,6.723914
-91.226333,157,6.794915
-145.763603,129,7.022426
-170.774265,129,7.085656
-148.709596,100,7.132655
-190.291176,116,7.192659
-147.625415,138,7.254655
-21.15037,81,7.290659
-158.252454,76,7.323661
-87.830384,66,7.352669
-86.20308,70,7.383664
-394.44765,122,7.434718
-121.128641,80,7.626318
-235.051722,83,7.669317
-213.285422,88,7.714318
-48.181266,66,7.745318
-113.360985,87,7.78632
-109.08273,86,7.826321
-150.50764,78,7.862321
-167.730436,105,7.90732
-138.870823,81,7.94332
-266.523799,133,8.00032
-81.499306,77,8.03432
-139.479542,64,8.062321
-99.90454,96,8.274318
-108.155165,87,8.314318
-164.437406,116,8.368319
-74.024907,65,8.402318
-113.671584,97,8.451317
-156.737197,92,8.49233
-109.879943,67,8.532335
-346.034892,116,8.59032
-108.084294,75,8.63332
-93.766956,66,8.67032
-94.468402,70,8.708324
-120.86491,74,8.746356
-97.722794,103,9.050861
-71.030852,107,9.107083
-134.252405,90,9.160608
-101.680993,85,9.206607
-216.886706,147,9.278625
-283.558326,112,9.331615
-244.141194,133,9.390673
-240.840515,76,9.42561
-68.608131,62,9.452675
-231.092852,97,9.49561
-90.370205,66,9.710607
-166.258935,103,9.764609
-84.251145,112,9.823607
-103.314251,84,9.862612
-77.420973,68,9.894607
-84.814824,80,9.930615
-78.38553,58,9.956615
-75.180962,68,9.98861
-119.123415,62,10.01861
-62.06782,125,10.07261
-100.107563,71,10.10261
-201.261752,98,10.14561
-96.600206,82,10.18061
-86.670037,101,10.409607
-103.25021,90,10.45661
-27.693526,135,10.52661
-181.394354,136,10.59261
-72.161901,99,10.63761
-100.99264,95,10.68161
-53.43358,71,10.71261
-183.170251,96,10.75461
-81.294343,99,10.79761
-125.97,105,10.84361
-235.300894,103,11.055609
-83.743449,106,11.104609
-109.714574,110,11.159608
-472.734547,117,11.222058
-73.778027,100,11.268136
-123.086141,106,11.320672
-208.550049,140,11.380672
-103.513845,103,11.425671
-200.636703,117,11.47867
-86.274138,131,11.705665
-115.701635,73,11.744664
-119.324026,65,11.780665
-79.697489,82,11.819665
-92.966943,84,11.861745
-101.541345,63,11.888666
-170.919001,96,11.930675
-165.014834,118,11.980736
-77.207697,79,12.014673
-149.124976,99,12.056676
-231.222783,124,12.108673
-73.636268,62,12.293746
-75.574214,121,12.356748
-68.924947,88,12.399753
-99.920892,91,12.442752
-156.051284,132,12.504757
-124.897942,100,12.549747
-183.588006,81,12.584754
-130.361934,111,12.631754
-94.738526,73,12.662754
-120.078044,131,12.718754
-131.374184,81,12.917746
-105.376319,72,12.951749
-111.547491,75,12.990747
-173.911164,111,13.045748
-105.685182,80,13.082748
-117.327536,107,13.13176
-114.596697,103,13.176811
-333.515872,150,13.240809
-25.434572,103,13.286754
-113.035713,82,13.322748
21.112372,79,13.359528
-100.549308,90,13.568846
-89.321095,89,13.610846
-112.270912,122,13.672842
-96.420308,80,13.709849
-116.643842,92,13.756849
-79.962502,65,13.786849
-150.616934,69,13.81785
-124.831009,87,13.856849
-78.121119,90,13.895848
-311.292012,152,13.961848
-54.029911,141,14.02285
-100.148874,76,14.231849
-118.459525,68,14.264843
-111.702898,65,14.294846
-79.101642,72,14.330845
-133.891605,108,14.383846
-129.562981,88,14.425846
-114.649958,81,14.462846
-232.779281,110,14.510845
-93.859185,97,14.552846
-96.884918,108,14.598845
-97.357268,91,14.638846
-138.831928,128,14.865843
-178.230929,122,14.923843
-75.640314,75,14.961853
-57.104135,67,14.996846
-108.881939,118,15.054842
-105.276597,117,15.104851
-0.986021,88,15.142908
-226.744629,117,15.19185
-131.485275,88,15.22985
-115.037928,85,15.26585
-53.4444,87,15.455845
-75.497589,65,15.49642
-142.021585,103,15.55603
-121.068339,108,15.612642
-77.389275,102,15.661672
-143.893734,131,15.71874
-82.043069,73,15.750738
-50.745003,67,15.779752
-170.057478,111,15.82668
-104.758551,97,15.86868
-69.216281,61,15.89568
-173.114724,103,16.103672
-53.450594,163,16.183674
-112.035844,91,16.232672
-195.15431,125,16.295674
-118.741844,133,16.354674
-91.583341,72,16.385735
-114.953298,89,16.422736
-83.730961,87,16.460678
-131.939957,102,16.505678
-107.727843,71,16.536678
-45.052177,73,16.569683
-158.431964,114,16.803675
-167.677075,105,16.855675
-40.245363,68,16.891674
-65.501063,123,16.956686
-107.516912,95,17.345683
-57.150836,115,17.397677
-71.46564,76,17.430679
-68.194458,142,17.491683
-112.973484,72,17.52168
-47.947116,92,17.561678
-96.585207,89,17.771322
-64.063776,74,17.804856
-50.197218,115,17.860363
86.977744,1000,18.493489
-79.176205,71,18.526488
-147.531508,111,18.580487
-27.785041,142,18.642488
-105.862078,131,18.699543
-133.261631,98,18.742559
-155.760804,142,18.801547
-138.522528,85,18.838493
-212.270803,91,19.047487
-150.615196,77,19.083485
-66.920597,99,19.130992
-46.135613,85,19.169991
-205.352349,139,19.233017
-57.795179,90,19.272056
-98.663806,94,19.312072
-107.286464,94,19.35201
-162.289336,83,19.390017
-89.088045,94,19.430017
-167.769465,104,19.476017
-259.492265,156,19.70601
-170.541615,101,19.756009
-106.090348,135,19.822009
-119.03875,117,19.877806
-73.083972,74,19.913824
-42.842396,82,19.94997
-75.747645,80,19.985486
-20.260803,134,20.044486
-239.836966,139,20.104486
-94.579417,86,20.302491
-339.853307,132,20.36866
-249.80756,130,20.437659
-120.147292,96,20.481673
-72.946236,110,20.529723
-69.306932,70,20.559672
-119.747649,149,20.623661
-84.921742,87,20.661727
-75.104045,93,20.700667
-70.887548,135,20.922671
-69.3452,94,20.969671
-311.388795,139,21.037671
-116.674249,83,21.076671
-71.624717,74,21.110671
-139.826013,137,21.170742
-126.968363,98,21.211682
-96.006762,98,21.25468
-108.24169,80,21.288679
-79.647459,105,21.332679
-92.327475,121,21.542674
-77.032818,155,21.617672
-345.693518,102,21.666671
-107.896869,117,21.72569
-28.384721,121,21.776742
-59.676656,152,21.84168
-121.007306,99,21.885676
-139.5107,99,21.928677
-140.872432,108,21.97468
-106.811662,66,22.176047
-203.306975,111,22.228047
-186.104867,148,22.296049
-54.953467,94,22.340046
-92.242227,135,22.40013
-12.139956,66,22.42913
-52.271998,78,22.463054
-84.954361,84,22.49905
-41.681083,103,22.543054
-66.22332,84,22.579055
-105.326198,85,22.78005
-23.805338,144,22.84805
-109.105805,104,22.89805
-142.283588,139,22.96905
-96.752728,108,23.01705
-64.482099,108,23.06305
-61.149788,121,23.11505
-56.368975,155,23.18205
-59.441329,81,23.21705
-93.011952,135,23.44405
-48.450823,85,23.488053
-12.002943,114,23.549047
-38.000761,111,23.604052
-159.298922,120,23.656108
-71.491848,102,23.70106
-60.716791,155,23.768053
-220.945353,114,23.817053
-33.858308,123,23.872051
-33.973694,122,24.084047
-98.177956,114,24.137046
-94.610477,98,24.188047
-305.617048,171,24.268446
-152.758119,173,24.344535
-60.940877,107,24.390475
-79.732777,116,24.440467
-33.876392,133,24.653467
-97.821822,89,24.698469
-8.784301,140,24.772469
-204.336829,88,24.82047
-52.768984,136,24.88647
-89.577744,137,24.94547
-117.049861,117,24.99547
-83.661723,123,25.04747
-175.77516,91,25.089469
-30.885419,80,25.12447
-80.52315,129,25.342467
-101.5082,145,25.409467
-96.060149,143,25.477467
-60.596869,77,25.512474
-51.599409,85,25.549469
-162.466871,146,25.613468
92.605861,1000,26.240473
-75.639904,110,26.290473
-115.384385,92,26.330473
-61.383203,138,26.395539
38.30047,122,26.62182
-84.70829,92,26.66482
-61.235837,140,26.733818
-222.337363,145,26.79982
-116.769339,123,26.85382
-63.418072,123,26.905818
-115.767967,129,26.960826
-33.975081,112,27.007884
-91.945977,130,27.233818
-182.866014,169,27.320818
-26.044311,98,27.369819
-107.9683,111,27.420826
-41.888032,84,27.457885
-211.229961,152,27.524821
-201.121158,148,27.588821
-224.45211,173,27.662821
-156.750606,111,27.878823
-63.183448,136,27.945819
-120.287618,85,27.99182
-54.854662,148,28.063824
-106.493499,103,28.109823
-74.781508,111,28.157824
-82.481207,125,28.214824
-97.828065,138,28.276821
-42.327777,82,28.486821
-136.403114,112,28.550157
-26.756939,106,28.599666
-58.763778,131,28.66271
-84.308973,112,28.71571
8.703525,97,28.760779
-48.791898,131,28.816717
-255.853882,106,28.862872
-130.497141,136,28.919806
-15.05662,111,29.137801
-207.051501,159,29.2188
-20.220746,87,29.261801
-46.198452,143,29.333804
-87.805594,119,29.386805
-48.612881,131,29.442804
22.509095,129,29.498804
-172.999287,118,29.549804
-88.631916,116,29.771801
-61.137039,92,29.819802
-79.721848,86,29.861801
-224.625753,119,29.916802
-79.517064,120,29.975806
-77.281937,129,30.0328
-73.92226,71,30.0628
-48.867655,133,30.118806
-213.993671,142,30.179799
-42.027099,127,30.400806
-53.35749,99,30.455798
-202.621356,127,30.517798
-145.111786,113,30.573805
-20.642416,135,30.638807
-15.337506,86,30.676805
-115.319379,123,30.734041
-29.655529,137,30.792493
-68.195725,96,30.834842
-0.873036,132,31.055094
-106.574814,142,31.124094
-59.255862,89,31.165095
-70.018954,121,31.224094
9.957336,113,31.2751
-30.991473,160,31.3471
-43.309514,97,31.3901
-211.93745,97,31.432101
-20.282539,125,31.4861
-26.917898,138,31.714224
-143.3265,102,31.764224
-39.170926,128,31.825223
30.722855,107,31.87424
-170.250094,126,31.928236
-39.870553,160,31.997232
-50.159762,118,32.047231
-69.648164,134,32.103231
-49.482925,147,32.338227
-81.727485,153,32.412227
-44.835827,137,32.484227
51.059003,1000,33.523979
-0.315654,96,33.568982
-181.377462,145,33.632981
-110.492949,117,33.682982
-70.534506,107,33.728987
-172.897651,139,33.788984
-197.335999,116,33.995977
-72.799457,111,34.047978
-138.656778,144,34.121978
9.333571,159,34.198979
12.054465,121,34.252979
2.709012,103,34.299978
-48.221216,100,34.342979
-0.647868,104,34.387978
-82.991912,112,34.434979
12.860692,1000,35.066507
-5.454373,117,35.291141
-71.871618,133,35.357141
-2.614795,99,35.406138
-52.117843,148,35.477215
21.996516,165,35.548148
-83.45125,115,35.597138
-21.018833,138,35.655205
10.417844,1000,36.280146
-54.308643,125,36.334146
-27.494557,169,36.587144
-79.879977,85,36.62714
-36.066755,128,36.70314
-44.557635,114,36.757153
86.922349,1000,37.384371
-198.415806,195,37.46843
-52.410845,110,37.515376
-100.318173,136,37.572367
11.944208,99,37.615366
41.754949,153,37.841363
-132.030899,122,37.896363
2.482312,138,37.961364
-60.102616,94,38.006371
4.014544,120,38.059612
-168.771622,169,38.132669
-25.710766,128,38.188612
-6.046801,117,38.238612
-16.682177,156,38.469604
-49.480602,117,38.532606
-88.250054,132,38.603607
-28.871971,124,38.661607
-28.716539,106,38.708607
20.364621,157,38.776608
-4.147558,156,38.843622
-14.328356,107,38.889613
-205.097147,167,39.13061
-18.355026,156,39.209606
87.205079,1000,39.847705
-49.120544,86,39.887705
39.32322,1000,40.532708
-19.760203,152,40.602706
-40.954066,107,40.647713
-75.995198,116,40.696787
-50.599047,104,40.740712
31.130245,120,40.791713
-79.980004,189,41.048705
10.783626,135,41.111705
-26.21617,114,41.166705
14.009952,118,41.230713
99.096433,1000,41.883464
2.048272,132,41.941458
-13.004959,132,41.998456
-109.533646,193,42.080514
-54.200215,131,42.303787
25.774191,105,42.352788
27.289119,116,42.406787
-20.317468,101,42.460787
-35.695853,151,42.529795
-52.055357,110,42.577799
-102.892599,117,42.627795
-88.965536,147,42.691795
-79.912163,110,42.738795
-11.424168,154,42.958789
-38.558233,170,43.037789
-12.764914,188,43.123797
-66.126028,109,43.170846
-65.823495,108,43.217789
-14.11252,145,43.278853
11.196122,120,43.329795
18.944698,188,43.584787
30.275628,1000,44.280606
-13.647859,159,44.363599
-45.238772,145,44.441614
-36.445253,162,44.510601
-208.044768,230,44.606609
-132.053899,152,44.670671
-161.888352,136,44.889599
-103.651363,136,44.954599
-0.59457,115,45.008599
-312.431394,158,45.086846
-5.917515,163,45.165844
-34.551243,142,45.226843
-30.708815,124,45.281844
-51.949019,125,45.338844
-143.438146,193,45.595838
-34.672559,108,45.649837
-35.708292,136,45.715845
-8.255904,143,45.778843
-30.426778,122,45.832847
-51.014731,182,45.916203
-4.495742,115,45.967036
-73.921218,134,46.181036
-66.718473,103,46.230036
-57.2831,118,46.286035
60.078557,1000,46.923035
4.789492,1000,47.549033
13.948263,127,47.612033
-33.240831,159,47.6821
28.003375,143,47.743037
-9.759943,131,47.797041
-113.175217,117,47.846041
-59.97797,99,48.059357
63.938701,1000,48.527984
3.149449,128,48.768919
-68.6502,124,48.833921
-46.196476,126,49.503921
-72.41025,168,49.57892
-38.125882,111,49.62592
-9.552729,166,49.697921
-19.210222,142,49.758921
-23.199648,150,49.978917
-17.643371,110,50.033917
-11.534829,136,50.099918
-48.00801,144,50.166925
20.475821,122,50.221377
-19.851834,154,50.290774
-9.764978,206,50.378778
-30.397926,134,50.613773
-193.605575,169,50.695769
-64.805259,169,50.779905
-154.724978,138,50.843965
-108.527971,140,50.901965
23.625585,137,50.96091
81.942568,1000,51.592904
-153.5666,158,51.658901
-158.049072,392,52.007901
-114.476527,178,52.087909
26.917895,187,52.167909
-112.307084,162,52.235969
-31.948369,188,52.493093
-75.377994,209,52.602096
-45.480322,134,52.677093
84.588444,1000,53.296094
-11.603522,156,53.367093
119.561557,1000,54.004096
69.432773,1000,54.636493
-29.441025,160,54.705483
-32.14978,158,54.772483
-10.192115,170,54.844493
12.231643,1000,55.473504
-39.87213,189,55.720505
12.309077,208,55.824504
-25.924841,189,55.917505
-81.243593,237,56.021505
101.832337,1000,56.646504
-19.901307,185,56.728446
-22.449816,178,56.977087
0.696148,148,57.052628
-7.248421,166,57.128626
-76.415127,156,57.203633
-218.84819,214,57.298631
-5.091104,140,57.358633
-29.452422,142,57.420633
-169.959943,224,57.69263
-43.019628,173,57.773629
-45.595521,187,57.860629
-69.940158,297,57.990629
-64.759501,185,58.072629
-33.013978,153,58.319626
14.329498,160,58.394626
-113.455131,248,58.504634
-25.595132,188,58.583634
25.583569,172,58.655634
-64.738559,200,58.932631
-124.721709,150,59.008755
-114.71064,280,59.137753
-6.261801,183,59.218745
-15.377548,201,59.303753
3.748781,190,59.547748
23.808669,202,59.649747
-97.381966,236,59.759747
-51.578185,192,59.843748
120.639301,1000,60.494923
123.764159,1000,61.141279
161.177746,1000,61.768374
-79.418646,148,61.831377
39.882332,162,61.900372
2.817511,248,62.196308
-15.640374,179,62.293701
8.726232,199,62.391617
-59.421283,188,62.474622
-11.777396,233,62.582
-6.209385,203,62.856475
-0.870006,171,62.938475
7.275869,177,63.022474
-24.596582,217,63.117475
-29.93418,198,63.213373
49.179438,1000,63.869829
-33.748478,242,64.15379
-108.692255,119,64.215207
-37.80651,210,64.321605
-9.121185,206,64.407597
-51.155082,214,64.499597
54.316963,193,64.743597
32.605494,254,64.869601
-69.212169,287,65.002604
3.118443,204,65.984458
-53.507817,192,66.071457
23.15782,161,66.310451
16.055252,253,66.43145
-67.253074,233,66.535524
55.938497,197,66.619458
2.436363,261,66.886451
-75.729271,260,67.012454
-102.609541,304,67.148453
-91.718334,208,67.236453
-61.941387,324,67.55443
-73.000303,255,67.68293
-116.267104,630,67.964931
123.066178,1000,68.613767
-34.653929,343,68.932763
-70.353865,332,69.085767
52.008431,1000,69.714314
34.163061,324,69.851953
-110.40147,284,70.141949
59.305403,1000,70.793278
71.218498,1000,71.427271
-12.446966,274,71.556541
-62.404136,246,71.66754
-63.583192,265,71.78054
-72.625529,396,72.130728
56.674166,1000,72.756793
26.585432,197,72.850795
-113.311846,229,72.947801
-21.397683,292,73.070794
7.535799,400,73.421993
-100.714758,250,73.539062
-76.67316,305,73.668001
-1.790306,351,73.995139
-43.852789,252,74.113696
-65.190814,265,74.227213
79.639935,1000,74.844434
-116.527845,313,74.978443
53.490117,1000,75.600442
116.828975,1000,76.226551
-94.915632,340,76.563892
-131.459614,294,76.693903
61.64316,1000,77.312093
21.671041,137,77.371093
-42.158526,267,77.488093
110.949911,1000,78.132098
22.521868,1000,78.766622
-12.548404,1000,79.40141
74.957476,1000,80.024426
-108.002241,372,80.346425
-100.343646,202,80.443425
-68.729637,266,80.561327
-137.188086,206,80.654527
-73.092837,262,80.940504
16.185816,230,81.057505
100.034967,1000,82.150613
-23.554841,251,82.258614
-192.669457,319,82.395609
120.39974,1000,83.038546
42.286442,1000,83.685447
-56.595466,294,83.979429
-77.453434,321,84.131432
-221.704416,539,84.365438
67.985193,1000,85.000009
-35.963978,145,85.236001
74.806072,1000,85.878101
112.165606,1000,86.509099
151.589577,320,86.663102
135.907653,361,86.823106
6.526691,233,86.9211
207.31803,299,87.222639
-14.325033,198,87.315642
1.501896,224,87.412645
149.434401,801,87.956638
128.78339,558,88.200638
114.7852,1000,88.823646
0.726266,295,89.114641
125.792124,1000,89.746211
-111.400184,295,89.897217
67.84016,1000,90.513212
9.170512,281,90.632212
-17.879136,270,90.917206
-62.564458,151,90.992203
-30.274103,296,91.132213
-53.211808,309,91.263212
-33.061731,281,91.540558
-155.419238,184,91.631594
-183.369284,387,91.809595
-99.882265,186,91.887602
-97.903719,526,92.278597
57.53177,1000,92.892594
6.964535,1000,93.525155
119.432789,644,93.811073
94.859774,851,94.360078
-95.391574,236,94.459063
40.068282,1000,95.098074
77.282087,1000,95.724481
-1.424404,279,96.06751
-35.100832,306,96.218905
-115.297235,455,96.419903
-81.460928,202,96.669441
102.475178,1000,97.299442
-84.756441,408,97.49148
131.321981,1000,98.595518
-3.206795,282,98.716436
-109.724074,220,98.809431
-19.145963,189,99.053431
-48.894411,257,99.181434
203.277435,845,99.741926
-19.73569,231,99.853005
64.824238,1000,100.48437
98.314486,1000,101.156937
-80.579733,193,101.254677
-206.729494,350,101.405671
8.687928,231,101.662734
-54.452326,237,101.773731
42.652472,1000,102.423853
-24.908813,184,102.50886
205.354211,503,102.728866
-33.77938,232,103.01985
114.894437,1000,103.648855
86.074432,1000,104.284662
-10.976404,214,104.388797
122.41343,1000,105.00916
5.387397,178,105.088154
53.31667,141,105.149154
28.349638,151,105.215162
-30.244157,150,105.281216
-37.993292,197,105.544164
18.036317,197,105.637154
14.368047,203,105.725217
-3.0444,153,105.791162
9.504927,239,105.89416
40.279885,128,106.110944
156.931405,1000,106.749153
75.686909,1000,107.40415
-48.192015,254,107.529151
191.618403,594,107.797413
24.325355,211,108.052343
22.624932,230,108.170341
-16.514771,189,108.257351
99.196156,1000,108.89978
21.057816,230,108.99678
17.031507,234,109.095781
144.355332,1000,109.73278
-9.914931,160,109.961773
116.489364,1000,110.428775
120.700544,1000,111.099821
-58.049149,232,111.400645
115.418784,1000,112.011647
-77.10293,319,112.167654
-80.544906,322,112.305646
-112.052176,260,112.582942
-52.725566,251,112.707942
-17.251846,314,112.846017
23.268816,246,112.950944
-70.111059,280,113.246749
75.540909,1000,114.826592
143.139489,1000,115.460044
13.891502,1000,116.086041
-91.68,334,116.245132
-19.865814,229,116.349192
-62.507735,272,116.465135
-56.12005,254,116.741214
172.740622,1000,117.386112
-35.444471,286,117.524623
112.901477,1000,118.13562
-12.244489,261,118.251628
-63.289466,280,118.370628
-57.339249,220,118.63562
101.517915,1000,119.29602
72.439793,1000,119.951105
20.818764,265,120.077098
151.289376,1000,120.728784
119.026992,1000,121.351787
-84.965768,247,121.462787
-137.222829,300,121.591787
36.926305,349,121.91521
4.653939,349,122.075219
109.485476,1000,122.705309
103.104611,1000,123.317311
-72.81997,218,123.412307
86.126085,1000,124.069025
-76.001335,179,124.14601
111.853286,1000,124.771953
134.064673,1000,125.398016
143.31201,1000,126.049869
181.638359,654,126.519095
124.400588,1000,127.153435
75.481347,1000,127.781435
101.387517,1000,128.407886
87.864634,992,129.020885
84.094356,1000,129.630884
-131.709732,506,129.852891
66.704003,1000,131.136479
89.657142,1000,131.761476
-163.267011,997,132.391554
-46.791443,1000,133.011739
9.151631,343,133.15574
-58.93728,408,133.502737
19.098387,1000,134.112452
80.635717,1000,134.745063
83.436107,1000,135.358063
118.15868,1000,135.986059
51.353434,1000,136.615056
86.954382,1000,137.244014
-47.318652,282,137.379016
-35.870752,355,137.527021
129.438871,1000,138.137221
-105.578225,419,138.502328
106.016436,1000,139.136464
156.620164,627,139.422467
-99.457288,370,139.756472
114.947226,1000,140.387243
-47.94292,414,140.577252
-45.257061,363,140.73425
165.658266,480,141.14472
-20.898623,427,141.329428
134.824018,1000,141.961434
-64.767427,465,142.322426
88.324282,1000,142.949429
77.256262,1000,143.590292
127.510972,1000,144.209293
93.267213,1000,144.851295
147.148731,1000,145.474468
87.168615,1000,146.101034
117.631818,1000,148.272567
119.980577,1000,148.91156
113.061243,1000,149.527561
187.20571,995,149.996267
102.442325,1000,150.627264
-36.747402,282,150.927256
106.704825,1000,151.561261
-95.47243,447,151.761327
140.388288,684,152.235905
21.142839,386,152.409911
132.906978,1000,153.025965
-55.6701,452,153.379905
194.808521,545,153.628908
110.915062,1000,154.254212
71.246597,1000,154.869218
-36.315157,446,155.229213
-48.933656,285,155.40047
-20.357963,530,155.633476
95.068381,1000,156.263876
51.833432,1000,156.879552
-37.291197,372,157.207548
42.913052,1000,157.837548
93.028409,1000,158.469203
158.246777,742,158.80741
108.461163,1000,159.432411
56.280221,1000,160.066502
105.018729,1000,160.696501
164.41171,482,161.076522
136.223561,701,161.388527
67.832316,1000,162.015602
18.92946,1000,162.650326
-64.52838,491,163.044615
107.381137,1000,165.023821
239.323493,387,165.193818
104.475174,1000,165.820817
40.901014,1000,166.435817
73.807945,1000,167.063812
-94.564317,412,167.400334
-140.486831,832,167.780339
-106.940412,439,168.140331
48.805097,1000,168.764609
-32.655898,359,168.922616
84.597073,1000,169.576485
-43.74232,428,169.758419
-62.84803,436,170.120422
103.83913,1000,170.752487
76.847349,1000,171.383283
-1.679505,373,171.549296
208.419068,472,171.926288
-32.715878,489,172.147295
209.358283,441,172.509804
108.827107,1000,173.126802
54.229667,1000,173.74566
98.651803,1000,174.37166
82.976149,1000,174.98488
-21.259883,373,175.16688
71.081615,826,175.703883
67.995839,1000,176.332232
22.723088,351,176.492233
-57.274043,481,176.69824
100.015357,678,177.173234
142.785621,501,177.552235
119.736806,1000,178.165689
223.555753,420,178.362696
110.94873,784,178.885448
2.783709,313,179.028456
-35.902506,277,179.146456
1.424481,463,179.53746
106.580992,1000,180.174357
67.637885,1000,182.12967
101.768997,1000,182.766663
191.854735,436,182.968172
-92.637393,401,183.307418
-57.592407,278,183.449418
-63.528571,282,183.577481
122.39015,1000,184.221749
154.543949,1000,184.857049
127.620648,1000,185.47099
-45.553838,351,185.618987
106.880582,1000,186.235985
-48.68477,287,186.532008
119.482484,1000,187.164833
206.517995,445,187.375842
188.276907,508,187.751835
-15.239409,299,187.900833
-23.16135,313,188.041842
110.18015,1000,188.671381
120.606401,541,189.080134
123.012187,524,189.320134
54.388959,1000,189.942208
121.42239,1000,190.548135
147.14671,1000,191.192137
116.61176,1000,191.82042
127.004427,1000,192.445998
122.203792,1000,193.07727
-14.50537,304,193.206089
209.613392,457,193.589717
-7.50691,376,193.753726
-46.101519,224,193.849788
54.459799,1000,194.493219
-65.68058,338,194.824211
-28.351931,387,195.001221
176.194674,919,195.597457
-19.074985,367,195.756459
-20.497203,261,196.020455
44.64083,1000,196.641458
111.669989,1000,197.968925
53.650611,1000,198.593919
-9.178483,266,198.894913
-65.385436,249,199.013906
189.257496,501,199.226907
-56.191463,259,199.503901
-36.011659,338,199.669446
-52.586975,289,199.792445
141.538951,1000,200.425451
-10.494944,276,200.704741
-52.765447,278,200.838745
-64.628906,261,200.952808
-25.795531,239,201.05375
-51.760641,249,201.33174
116.205919,1000,201.962388
-45.63967,330,202.117388
-57.466586,241,202.223458
227.133068,491,202.601527
-33.171989,241,202.720527
-65.00429,263,202.840586
81.311292,1000,203.468528
-56.787593,256,203.576528
-100.727102,301,203.873746
211.357232,375,204.057776
-10.898497,242,204.162768
-24.492835,295,204.290774
198.207109,317,204.599767
-52.808008,259,204.715831
133.923467,1000,205.352777
144.174587,1000,205.98384
94.865426,1000,206.628489
-42.777721,299,206.756432
130.435336,1000,207.382676
-6.065317,374,207.718668
129.072736,1000,208.340234
12.796962,245,208.457498
136.69175,1000,209.111235
-15.391938,267,209.231233
91.823781,1000,209.855306
97.64493,1000,210.482663
146.724555,1000,211.096011
212.250382,784,211.614009
106.546406,1000,212.246142
95.599994,1000,212.90103
93.065153,1000,213.520026
87.967811,1000,215.41854
59.369392,1000,216.041536
69.435952,1000,216.643536
-59.647199,620,216.92571
192.894536,429,217.280413
108.64604,1000,217.895411
-70.921455,472,218.118423
-43.749982,272,218.23442
-65.322318,636,218.693706
201.706265,900,219.282629
63.762092,1000,219.909629
100.585389,1000,220.518631
-76.657763,627,220.788701
85.189754,1000,221.419575
59.950526,1000,222.034575
-75.813194,379,222.382459
-45.295635,234,222.496467
125.703058,1000,223.118467
-40.751739,291,223.243467
206.132194,445,223.613906
-61.273585,471,223.835398
165.461488,470,224.20439
-33.501023,320,224.351531
208.627311,469,224.556233
-95.000987,409,224.90473
81.757527,1000,225.535762
88.743051,1000,226.17302
67.78468,1000,226.790941
117.094156,1000,227.419941
88.405177,1000,228.067539
132.545575,1000,228.689606
98.191899,1000,229.303542
94.92594,1000,229.934864
173.729159,718,230.261382
66.614149,1000,232.440621
99.863266,1000,233.071623
124.415794,1000,233.69485
81.631324,1000,234.327755
85.350494,1000,234.950761
87.441956,1000,235.569279
90.302037,1000,236.186281
48.335456,1000,236.815361
-96.939954,664,237.265353
106.601115,1000,237.902857
-69.776203,462,238.110867
85.339882,1000,238.741794
-64.352196,554,239.182431
169.736408,789,239.564891
72.716461,1000,240.186891
94.102264,1000,240.828392
99.326906,1000,241.471391
95.029211,1000,242.090427
-33.264659,458,242.460419
74.838511,1000,243.094801
237.937521,721,243.415811
102.92498,1000,244.038887
91.854909,1000,244.662887
93.890433,1000,245.296666
108.431175,1000,245.904664
56.468128,1000,246.5319
102.970145,1000,247.171963
-48.402427,334,247.484065
-79.481544,434,249.061586
66.348769,1000,249.688174
124.310447,1000,250.317174
99.727826,1000,250.943201
-53.030945,404,251.11019
87.1869,1000,251.7476
148.376355,611,252.214645
56.195743,1000,252.837464
54.713475,1000,253.452467
-43.845605,286,253.57646
-52.124583,421,253.927567
-69.767178,344,254.091568
-4.4396,435,254.279578
187.180063,659,254.755569
-28.04383,362,254.909569
-71.911,314,255.201569
115.7895,1000,255.83436
146.439957,1000,256.463309
131.884773,1000,257.087314
-13.628844,273,257.215309
196.645491,424,257.39837
179.017786,404,257.740676
117.626325,1000,258.374964
122.391699,1000,258.992964
106.852283,1000,259.610964
121.392966,1000,260.235805
107.762004,1000,260.881002
213.455274,624,261.182318
115.348518,1000,261.875857
2.256244,360,262.200849
77.521081,1000,262.672559
125.043595,1000,263.288557
-14.470404,310,263.59955
120.5111,1000,264.22055
164.24733,432,265.666752
129.234657,1000,266.283751
3.906105,382,266.607299
-30.190708,348,266.778488
223.09748,427,266.975488
190.07432,544,267.398486
120.23044,1000,268.020922
13.164264,379,268.191395
130.065617,1000,268.83252
104.210862,1000,269.451263
87.324251,1000,270.084628
121.739259,1000,270.708624
118.497492,1000,271.35447
148.908275,1000,271.97947
93.196168,1000,272.601761
141.912201,1000,273.232421
109.58411,1000,273.856524
148.633427,1000,274.496526
89.121921,1000,275.12559
122.958849,1000,275.770381
110.903266,1000,276.393613
137.879819,1000,277.009058
229.917192,456,277.213067
119.319583,1000,277.85823
111.071091,1000,278.479226
102.656178,1000,279.100226
17.178442,404,279.428219
113.16949,1000,280.051658
140.4901,1000,280.672673
127.439223,1000,281.297662
101.645161,1000,283.275251
35.750222,427,283.643862
125.728986,1000,284.290595
100.159847,1000,284.91959
89.318543,1000,285.54148
134.015434,1000,286.176809
121.853301,1000,286.84758
130.160299,1000,287.480577
125.166336,1000,288.117573
130.092511,1000,288.744146
122.578305,1000,289.364569
88.824425,1000,289.985568
211.462595,901,290.560477
104.993542,1000,291.180634
-3.042735,298,291.322634
140.132026,1000,291.959633
133.51504,1000,292.585634
34.462032,301,292.723531
136.953104,1000,293.358929
124.126714,1000,293.973875
28.84261,325,294.109939
97.658366,1000,294.728714
117.188324,1000,295.361879
139.562016,1000,295.984881
94.325823,1000,296.594901
131.611166,1000,297.237928
119.662465,1000,297.859038
121.230153,1000,299.963948
130.845482,1000,300.586954
151.019753,1000,301.201954
137.6649,1000,301.833609
129.803105,1000,302.459867
121.728228,1000,303.087874
242.269854,968,303.722169
115.914446,1000,304.357368
108.106973,1000,304.965374
93.000369,1000,305.590143
95.824997,1000,306.218321
193.448388,561,306.46225
-48.200704,325,306.785755
107.742431,1000,307.404751
115.222287,1000,308.033773
126.587471,1000,308.655773
146.72357,1000,309.275332
99.009452,1000,309.885333
152.145389,1000,310.516426
131.401714,1000,311.136425
161.503626,1000,311.77693
155.425567,1000,312.412397
120.11212,1000,313.038397
74.434976,1000,313.660397
129.98403,1000,314.284905
157.934835,1000,314.754354
103.620828,1000,316.92136
113.541824,1000,317.546602
111.204899,1000,318.185594
136.638128,1000,318.807786
162.506068,1000,319.428791
126.753493,1000,320.061786
104.080622,1000,320.699443
110.074139,1000,321.31953
224.577772,442,321.693523
119.107607,1000,322.329968
158.444449,1000,322.947257
90.23696,1000,323.56252
83.610461,1000,324.17652
123.133983,1000,324.777521
119.664115,1000,325.385188
123.511514,1000,326.012697
132.60641,1000,326.6347
124.518519,1000,327.274486
87.594399,1000,327.736207
106.357181,1000,328.367201
148.827122,1000,329.006262
152.275099,1000,329.651487
89.974638,1000,330.303426
21.286124,319,330.637304
96.247733,1000,331.276304
136.090184,1000,331.931532
124.73843,1000,332.564532
92.356502,1000,334.372865
114.555128,1000,335.009956
151.767173,1000,335.62823
135.816749,1000,336.255663
103.660006,1000,336.87966
138.916258,1000,337.337729
104.543966,1000,337.963732
131.706542,1000,338.609911
105.400482,1000,339.219911
167.381144,1000,339.825911
100.158218,1000,340.451358
123.804104,1000,341.071354
-45.606959,394,341.409353
-35.213355,375,341.579352
115.794199,1000,342.218889
-43.55582,400,342.397464
82.512254,1000,343.047998
128.4322,1000,343.674991
132.886725,1000,344.290436
92.350874,1000,344.923502
-43.817354,315,345.228496
158.604788,1000,345.853284
92.239574,1000,346.473279
134.73031,1000,347.092611
159.903923,1000,347.700631
125.913907,1000,348.313632
128.028306,1000,348.954779
111.718523,1000,350.49663
166.287107,451,350.720636
157.327645,1000,351.348987
145.529673,1000,351.968517
-9.766991,412,352.143522
122.568137,1000,352.767522
134.625885,1000,353.403847
0.777742,335,353.705898
129.830978,1000,354.326897
118.932023,1000,354.958897
147.288648,1000,355.591846
126.311877,1000,356.207054
127.364283,1000,356.658539
128.575797,1000,357.272547
119.121825,1000,357.908703
105.322241,1000,358.535709
114.3388,1000,359.163325
110.41148,1000,359.790519
99.481995,1000,360.402625
154.643638,1000,361.027621
99.18248,1000,361.668619
140.476503,1000,362.315969
144.184182,1000,362.939407
80.432058,1000,363.559413
99.071396,1000,364.201872
-42.940648,403,364.535864
141.658256,1000,365.142864
144.430188,1000,365.766883
114.289202,1000,367.417866
126.537671,1000,367.882376
97.286454,1000,368.502914
160.681665,1000,369.13141
141.598856,1000,369.748481
124.077499,1000,370.370405
76.464897,1000,371.005416
120.377348,1000,371.628417
98.449517,1000,372.25563
101.358995,1000,372.896768
109.354566,1000,373.53876
15.722865,392,373.922035
89.846178,1000,374.564033
109.21143,1000,375.188944
-17.541264,400,375.373021
113.038508,1000,376.009154
-10.254696,327,376.147153
115.356149,1000,376.767152
125.270653,1000,377.396279
-25.278522,338,377.709265
91.113369,1000,378.333264
141.755489,1000,378.950268
105.295932,1000,379.572277
138.30888,1000,380.203277
140.691115,1000,380.66328
100.995976,1000,381.30428
107.342347,1000,381.927094
-14.988338,386,382.277097
111.736023,1000,383.77724
245.365216,822,384.31824
241.15996,765,384.665255
157.867855,1000,385.299242
180.828588,1000,385.930511
134.369938,1000,386.540446
129.663902,1000,387.1649
177.632503,1000,387.780956
117.435482,1000,388.415183
28.365653,314,388.545181
153.996273,1000,389.15868
132.422885,1000,389.788688
167.520871,1000,390.426548
126.523876,1000,391.074583
151.391178,1000,391.728575
152.036958,1000,392.396277
143.969786,1000,393.053342
118.617777,1000,393.682276
118.657171,1000,394.297281
142.439524,1000,394.917239
157.577838,1000,395.537227
199.547377,913,396.114235
148.205221,1000,396.736874
110.764912,1000,397.367944
233.741594,851,397.922858
113.552218,1000,398.538859
224.156915,531,398.773552
125.147587,1000,400.305478
135.947732,1000,400.936596
30.464251,279,401.257107
227.704783,442,401.488609
10.802632,322,401.632609
102.396592,1000,402.301265
44.389103,312,402.615257
239.55424,739,402.943265
120.424558,1000,403.568955
117.650319,1000,404.183577
20.049337,389,404.525568
120.932308,1000,405.165236
103.159326,1000,405.794627
234.093663,801,406.154634
240.195703,602,406.604635
214.162748,441,406.794634
283.343465,445,407.161625
-23.018995,381,407.334539
127.981638,1000,407.947527
240.423583,665,408.407527
128.92616,1000,409.026528
267.092921,436,409.213527
75.393994,1000,409.858201
259.685046,705,410.348204
224.613518,443,410.534205
279.6564,369,410.884196
194.663517,507,411.106204
45.419411,383,411.432196
248.775332,516,411.681676
136.224991,1000,412.299623
270.27391,504,412.681619
225.376713,565,412.938635
254.704348,412,413.28266
197.682251,566,413.549678
105.639227,1000,414.185969
13.893829,356,414.338971
30.730833,384,414.674963
248.900354,461,414.876969
111.300756,1000,416.437528
82.810967,1000,417.077532
249.688911,547,417.48852
248.276345,426,417.675522
255.463782,957,418.294782
272.236914,432,418.650774
253.667156,396,418.857542
248.887708,447,419.047542
13.111593,328,419.35454
66.201483,280,419.485548
191.378911,572,419.887541
247.866296,419,420.087553
2.726719,300,420.21655
221.920848,453,420.588021
120.36822,1000,421.220022
225.164843,438,421.425025
213.853175,436,421.613026
236.074043,429,421.96402
218.011215,393,422.133028
265.564765,487,422.533876
21.595647,351,422.699461
259.711585,533,423.090452
231.169588,413,423.29052
231.604795,722,423.777451
251.843848,488,423.998461
242.935134,402,424.34345
268.419393,338,424.502458
157.406842,1000,425.128905
281.016649,353,425.283897
120.595087,1000,425.927908
269.181657,524,426.327897
225.563293,503,426.554907
243.771925,587,426.992492
246.018212,404,427.171505
7.465228,304,427.3025
229.367248,525,427.718503
242.861927,532,428.096492
102.771895,1000,428.551558
-3.486198,381,428.887492
242.246619,398,429.068522
259.515499,385,429.400639
267.486693,460,429.606646
235.37385,527,429.996671
243.065456,411,430.187742
225.497472,469,430.38867
225.129108,397,430.757825
273.865503,576,431.011827
241.933299,457,431.401777
224.323977,478,432.402695
231.113473,425,432.76269
228.220071,516,432.993698
255.774667,497,433.384341
234.320464,388,433.565045
207.965884,406,433.900977
240.105335,444,434.109059
1.736083,364,434.267985
216.479325,415,434.618979
229.469814,440,434.822985
194.013463,443,435.178977
5.838766,416,435.371978
102.960941,1000,435.989717
203.898988,444,436.17565
219.236881,427,436.540649
193.26802,580,436.802721
214.629302,464,437.182715
274.268074,429,437.373735
224.619236,437,437.74473
132.182754,1000,438.358728
251.763723,992,438.969728
223.794597,438,439.178736
259.457641,551,439.581728
276.908992,413,439.786728
250.189132,458,439.982293
12.308217,278,440.263293
234.126452,432,440.459302
233.631518,349,440.609292
-2.394701,241,440.883292
266.851484,652,441.177294
138.93672,1000,441.793448
23.013333,347,442.120487
-12.179522,351,442.285495
220.558851,424,442.471496
257.909793,407,442.8288
240.630077,433,443.022798
239.386811,372,443.343798
105.515482,1000,443.964798
14.71742,335,444.140953
247.462842,426,444.326259
261.889453,455,444.687732
14.297165,331,444.832732
262.89536,381,444.992732
239.123627,408,445.358728
242.369929,403,445.536734
-1.733291,254,445.645784
250.63694,464,446.05681
25.926993,307,446.191811
218.919367,432,446.560253
226.976573,381,446.734314
210.026191,547,447.129253
3.183782,320,447.282253
7.282476,349,447.434261
233.95354,384,447.780253
231.201058,386,448.763757
248.198712,402,448.934757
242.951448,342,449.257754
-2.360679,305,449.40076
252.60574,485,449.607761
253.892015,505,450.013762
237.67264,365,450.169763
-10.655706,282,450.449754
28.609479,293,450.592233
-22.507464,298,450.726818
27.591672,381,451.048267
22.37783,343,451.21526
244.085576,410,451.393268
227.142026,457,451.762264
48.648003,288,451.898272
132.456864,1000,452.523271
231.33157,485,452.729269
35.15427,284,453.035115
225.491269,403,453.212111
232.939168,396,453.542107
1.289244,342,453.702105
30.768167,300,453.832111
31.795261,356,453.980111
255.284066,993,454.662298
243.383338,437,455.050748
222.657967,517,455.276281
245.23614,405,455.628276
24.146192,302,455.769282
197.246736,434,455.961759
216.173345,375,456.323694
221.883883,395,456.495713
210.927348,408,456.859694
235.975146,426,457.051696
285.500615,446,457.407756
5.084294,327,457.571754
-14.772992,310,457.709766
243.161737,399,458.035755
26.1033,282,458.169071
-19.783027,257,458.290132
251.267369,357,458.442077
29.977401,267,458.722072
282.499026,459,458.934072
133.763344,1000,459.572901
219.112878,395,459.739902
212.915651,377,460.085901
225.687718,359,460.248907
226.739528,325,460.388968
-1.77774,280,460.682899
258.761912,444,460.883909
236.009736,411,461.229899
78.986154,1000,461.863642
29.032358,298,462.004642
227.272201,393,462.175146
229.072482,388,462.562532
1.203834,216,462.667531
248.17484,651,462.955651
231.836971,390,463.312213
52.378749,278,463.433218
4.232686,289,463.555283
271.174532,362,463.904016
212.202446,400,464.895095
217.630984,324,465.038095
255.62735,324,465.356086
214.517902,368,465.516147
231.413882,361,465.834473
223.126022,541,466.09461
131.867556,1000,466.715605
259.56577,356,466.866605
-19.902692,254,467.141603
267.111769,521,467.391605
5.344869,278,467.507605
233.849781,483,467.900604
234.364933,366,468.068435
271.131948,364,468.412442
93.093049,1000,469.045436
276.225758,341,469.203435
47.005315,254,469.316436
284.739377,505,469.700164
31.851742,281,469.845238
66.659751,287,469.96917
270.587183,429,470.314515
35.22296,246,470.430514
-11.691259,250,470.540578
-20.788905,257,470.648514
228.843328,306,470.936514
247.756325,389,471.120513
253.417155,468,471.32052
229.028949,659,471.78052
227.192993,324,471.918519
63.689726,171,472.163757
14.560241,272,472.299932
18.656779,231,472.400642
243.077182,373,472.563662
235.845315,400,472.909647
263.26343,311,473.052913
-47.581847,237,473.154912
244.16113,361,473.483012
306.116843,351,473.65028
-7.839674,252,473.760281
254.673894,381,474.091278
24.5841,282,474.22228
34.355522,276,474.34228
223.215529,333,474.651337
-15.207626,241,474.763335
307.42483,280,474.893341
231.741393,340,475.039341
222.245552,305,475.331335
281.788126,312,475.477407
233.582816,325,475.619343
30.50362,219,475.873335
253.520028,336,476.036335
41.76954,238,476.145343
-10.225692,190,476.227338
18.510132,259,476.500411
58.895887,301,476.660932
38.424922,265,476.781521
267.248737,743,477.295614
51.176097,242,477.404621
239.988007,394,477.577624
22.38657,236,477.841192
134.103855,1000,478.465192
25.413492,225,478.574193
32.782164,263,478.698195
245.722703,319,478.841416
29.128456,183,479.112259
42.860632,246,479.243124
23.508161,239,479.353446
-40.662311,267,479.472452
238.645785,374,479.828859
247.473804,537,480.070867
3.200241,214,480.160932
256.234837,317,481.001725
193.74249,365,481.161008
54.093441,278,481.280995
259.275806,384,481.615993
53.801813,225,481.732999
280.712773,319,481.869995
95.931778,1000,482.488991
281.194162,366,482.823989
23.582835,265,482.94699
-10.601628,228,483.045997
125.178846,1000,483.675772
-24.532806,221,483.769772
-22.372854,206,483.856784
45.321518,241,484.13877
29.476542,290,484.271771
282.543077,317,484.40577
271.58903,338,484.711767
17.626763,220,484.814769
22.020073,267,484.931773
64.713632,229,485.028772
191.818654,334,485.359323
47.868028,251,485.480844
292.302723,339,485.628841
260.323076,320,485.923833
-3.141021,207,486.018833
281.96657,321,486.162849
61.41936,258,486.275833
291.540152,309,486.575833
218.526501,436,486.779842
257.421637,331,486.918843
210.398218,300,487.224833
53.107881,231,487.331068
-21.199835,264,487.449381
30.592921,211,487.540601
-16.680102,193,487.791038
-15.711882,247,487.912038
221.821403,315,488.054049
282.828808,376,488.214049
-7.127945,199,488.454042
49.403205,203,488.550482
-29.615513,192,488.635487
57.578189,275,488.751485
33.896877,279,489.023917
254.492444,319,489.168913
59.17158,276,489.288922
234.08715,452,489.662753
11.687762,252,489.781987
253.942206,353,489.939993
-25.064807,211,490.028993
261.943054,331,490.333987
122.345373,1000,490.948988
65.48679,231,491.053218
233.811914,336,491.19622
240.097354,318,491.49421
90.953595,1000,492.125047
-3.021491,273,492.260117
105.402353,1000,492.89237
224.932973,328,493.037477
220.026134,339,493.183474
108.006043,1000,493.832475
-20.808237,273,494.125672
38.80854,217,494.227672
-17.499558,267,494.341744
9.519866,220,494.437683
-3.147003,216,494.687672
208.858661,549,494.94868
221.867524,453,495.308674
-8.370303,233,495.415672
122.255177,1000,496.045673
62.199747,221,496.740552
273.42056,314,496.875557
279.235429,372,497.201548
105.490596,1000,497.836049
253.075857,358,498.004057
242.436511,301,498.132053
30.475769,253,498.409816
-23.349494,234,498.527817
13.426869,273,498.65488
-58.146939,241,498.758817
225.369649,389,499.100832
206.2281,821,499.476819
292.096815,331,499.805903
-65.317194,253,499.926828
-13.458964,131,499.984823
-1.016583,275,500.101815
-37.9954,225,500.358817
273.194688,311,500.521956
107.948189,1000,501.148472
239.633152,346,501.297472
-34.547934,259,501.406471
140.378188,1000,502.031471
-15.330757,234,502.301555
-57.986102,251,502.418566
16.389264,274,502.532557
-27.735585,245,502.645267
8.173867,195,502.900139
241.943527,482,503.1302
-19.427552,253,503.240154
161.093472,792,503.782144
200.237253,670,504.239136
54.778331,1000,504.875226
218.332817,384,505.043234
17.239195,199,505.129233
65.641793,334,505.438227
-15.305855,253,505.556227
213.187395,352,505.711239
-33.249023,264,505.989125
-3.065304,211,506.095124
225.478789,391,506.278134
285.968996,340,506.423133
269.017809,332,506.757127
234.757524,341,506.929668
-16.217757,248,507.037988
12.336689,207,507.281984
-48.601297,266,507.408982
74.818118,1000,508.040983
227.998207,427,508.22899
-49.821753,254,508.335993
-42.691427,258,508.614982
97.777424,1000,509.26394
217.996959,376,509.44594
-35.444416,278,509.563881
191.782297,343,509.881875
241.440209,549,510.139941
178.755927,376,510.461872
231.148679,305,510.608051
44.987824,235,510.713117
-25.641503,239,510.813057
23.813605,271,511.100049
-29.588318,256,511.226362
-22.858591,262,511.34621
53.071906,292,511.470225
241.995906,299,511.772213
50.558183,307,511.914706
222.531318,458,512.73781
22.112536,278,513.03381
225.231332,301,513.177824
230.656256,329,513.322816
264.961603,329,513.647895
231.820146,378,513.835904
18.181087,264,513.946918
38.489898,260,514.057903
237.463615,353,514.389086
-6.982287,252,514.500086
-27.097285,285,514.621086
260.772294,320,514.932084
20.912391,314,515.082093
297.675243,331,515.243092
-38.403846,307,515.548278
257.794773,429,515.74824
69.053168,327,515.888179
52.054363,297,516.177171
9.661467,291,516.319174
133.47675,1000,516.933171
13.509198,254,517.041172
-12.12173,324,517.182183
144.345121,1000,517.815123
246.871542,482,518.275903
288.898287,358,518.43312
271.547129,402,518.767118
222.025166,399,518.957129
27.36611,230,519.055129
278.99483,420,519.395405
37.190953,263,519.51449
-26.0995,259,519.629278
233.320319,386,519.971826
252.547696,497,520.202412
2.710276,242,520.30542
230.659409,497,520.698529
232.992809,391,520.87753
281.710141,375,521.035598
34.296919,283,521.334893
-8.073031,237,521.446896
18.802431,254,521.553902
19.662227,258,521.820894
241.415846,354,522.000262
16.272147,257,522.116878
51.403573,281,522.237712
267.620159,332,522.56432
273.560255,399,522.760256
109.108754,1000,523.399479
217.257711,388,523.56448
233.957512,430,523.943122
255.02708,424,524.12604
248.679123,355,524.462781
256.874299,310,524.608854
243.585675,351,524.762794
263.531595,338,525.070785
237.480772,558,525.336791
241.01592,365,525.645781
246.033351,405,525.838783
250.343118,360,525.996792
261.29509,452,526.352783
204.887686,757,526.708436
246.648875,359,527.05143
45.379603,332,527.203438
230.298592,333,527.346438
221.935584,418,527.711432
35.249415,291,527.837438
119.530113,1000,529.112768
210.405328,384,529.279831
50.005413,215,529.541276
210.976516,332,529.698288
47.151883,243,529.801272
235.623806,403,530.139275
15.579542,276,530.266272
23.026667,238,530.370274
26.38082,283,530.48828
40.316086,323,530.80731
232.532383,361,530.977504
256.696654,361,531.130511
232.499242,364,531.476503
234.041807,422,531.659505
222.933119,466,532.028588
244.28486,392,532.221968
224.506277,330,532.366964
249.872461,412,532.719711
230.020938,409,532.907143
217.908746,424,533.253892
78.021326,1000,533.874896
251.776262,453,534.091897
159.622532,1000,534.733897
242.296925,450,534.925897
114.658308,1000,535.557098
275.43594,396,535.908082
260.12552,368,536.071091
228.087325,375,536.394082
247.596696,432,536.610083
243.01238,357,536.76409
299.866158,355,537.086085
261.192249,398,537.281193
-6.178348,270,537.397476
258.688902,385,537.727158
238.646601,462,537.942173
-13.931822,305,538.071159
7.122263,380,538.403861
264.861029,488,538.617867
196.531443,478,538.991858
268.295705,349,539.143866
111.414847,1000,539.779097
233.79466,376,539.939097
261.070455,492,540.327089
216.884099,413,540.501091
246.258882,423,540.862091
223.107937,427,541.055092
258.140654,586,541.470092
268.361092,387,541.657265
238.971336,572,542.07725
227.689477,420,542.274257
252.257847,425,542.456256
235.867757,374,542.804925
134.482538,1000,543.427929
278.07285,452,543.627933
219.715119,471,544.002244
239.375971,413,544.186244
-20.438007,398,545.136755
252.262688,483,545.530777
259.514888,548,545.768776
216.463055,410,546.138577
244.724765,394,546.314955
250.627143,431,546.67695
244.843813,444,546.876955
251.436871,433,547.223951
250.014599,446,547.434957
238.391359,450,547.635952
237.195411,457,548.042294
225.500311,452,548.241706
260.203878,416,548.594697
244.678352,462,548.804706
241.69721,443,549.162697
216.050468,477,549.392708
217.835186,484,549.754697
-33.787345,386,549.930699
225.413185,464,550.128108
144.797914,1000,550.746384
246.17801,523,551.152378
228.263617,439,551.350388
251.14752,464,551.72344
224.678861,438,551.922447
136.14268,1000,552.55111
258.122357,386,552.8844
233.314475,872,553.288392
243.663938,513,553.68639
205.167575,565,553.936399
248.958255,478,554.310386
271.503412,391,554.478389
264.848798,416,554.831612
228.473571,461,555.046621
255.570675,435,555.392611
266.655728,444,555.598617
245.647732,437,555.782621
230.597973,551,556.216621
233.808029,431,556.402618
252.768939,524,556.815754
217.504397,449,557.007759
230.366199,465,557.377753
225.750251,444,557.572759
250.423627,409,557.912751
276.72402,358,558.07876
34.503391,337,558.221759
-15.812037,392,558.552751
248.48923,622,558.838797
213.825474,424,559.197897
276.597364,430,559.3939
268.696205,486,559.769904
218.472591,403,559.961962
287.462046,305,560.089906
250.323294,404,561.101841
242.720411,430,561.287386
240.7189,397,561.457386
238.914965,355,561.803379
91.170925,1000,562.422381
231.045573,438,562.614444
219.00501,409,562.967842
216.689259,588,563.237523
251.052166,357,563.571316
224.777782,462,563.788316
198.216493,446,563.977323
232.302365,523,564.375974
204.177616,382,564.539909
223.162114,417,564.89591
230.070082,404,565.075968
243.976517,386,565.402725
-4.85667,335,565.56691
234.627564,493,565.779918
263.656443,429,566.139189
262.136248,396,566.319423
14.805509,332,566.458423
264.623452,446,566.833417
225.19454,492,567.045419
262.108763,393,567.393426
241.339081,367,567.562957
247.364445,401,567.73413
221.889938,429,568.098131
220.354101,440,568.29013
223.140204,478,568.70563
269.244704,469,568.912642
210.330742,411,569.26263
264.002619,465,569.476637
249.819033,415,569.826624
210.624316,400,570.014643
225.417208,454,570.206583
268.365786,386,570.545574
252.02132,501,570.770574
23.744202,308,571.058573
207.886633,608,571.331572
243.212842,471,571.707024
236.331676,457,571.938001
260.117402,403,572.109544
231.128397,461,572.496533
31.57044,367,572.657534
244.507853,462,573.040932
229.198415,585,573.313929
238.084477,557,573.724926
263.388529,520,573.952946
271.682579,451,574.33059
261.423777,396,574.508586
205.586783,418,574.851583
234.854033,445,575.058067
252.362611,403,575.231059
221.123066,424,575.589059
2.643779,392,575.76406
274.125693,362,576.079316
258.639019,459,576.303875
244.868326,458,577.5526
220.406607,395,577.912753
264.646181,465,578.117756
240.753311,461,578.526238
228.393431,487,578.745247
256.89159,364,579.057756
275.906684,465,579.280757
275.416241,407,579.453754
263.317126,403,579.803132
31.060326,327,579.951133
277.948373,407,580.124136
222.308071,435,580.500134
273.850331,409,580.677953
229.119169,421,581.031945
262.117473,381,581.206947
252.533498,405,581.537027
278.466596,456,581.764016
37.873611,326,581.899956
154.721636,1000,582.521676
242.827809,374,582.852323
238.900849,445,583.066396
218.611268,429,583.251328
233.948781,414,583.621762
250.167925,442,583.815693
265.3644,451,584.19285
241.662497,396,584.370857
281.731102,555,584.76485
168.396282,1000,585.395604
249.265435,477,585.611603
279.745679,807,586.144605
256.526459,418,586.325611
257.095039,399,586.663141
230.429769,487,586.877144
243.92406,461,587.243423
229.470545,537,587.490434
211.244102,433,587.829423
263.651738,385,588.01281
119.954969,1000,588.633738
205.957958,405,588.806738
239.019611,483,589.190322
243.35971,373,589.358661
261.473419,419,589.692806
249.933526,445,589.901811
291.311989,375,590.059816
259.726038,391,590.429877
276.108776,400,590.614187
263.182387,449,590.968122
214.91294,454,591.182127
222.431606,367,591.343608
231.02877,430,591.709481
227.291321,396,591.88455
254.846849,462,592.241482
285.422737,426,592.436826
231.032349,485,593.563454
245.925167,497,593.801631
236.290074,437,593.985637
210.217584,450,594.363569
229.96997,457,594.557576
278.250522,400,594.89058
248.573687,429,595.083587
225.80835,461,595.43158
245.064051,388,595.615582
205.980884,458,595.819245
258.271348,372,596.145746
228.371148,399,596.322757
234.985986,448,596.680341
239.829369,378,596.861344
55.03204,324,596.998347
249.293248,399,597.325339
254.254669,438,597.520347
241.10056,373,597.681347
218.944426,393,598.043183
239.990823,548,598.281197
103.332038,1000,598.922262
279.44467,333,599.239258
242.805498,355,599.407256
246.222229,395,599.590253
247.031512,410,599.95218
279.497558,345,600.108078
97.737864,1000,600.746839
253.460473,435,601.100839
261.748875,382,601.280847
137.867444,1000,601.918912
225.075039,383,602.094841
259.692518,377,602.438482
265.126844,353,602.600488
260.330952,414,602.782485
262.302095,353,603.120484
265.394154,410,603.305547
221.908124,402,603.631728
284.59561,405,603.833741
277.340351,378,603.994736
233.682346,379,604.326571
263.423133,397,604.511206
236.466855,400,604.6782
279.745901,380,605.017195
238.475812,371,605.1812
214.707664,381,605.495195
274.834974,318,605.651197
255.329126,379,605.81821
210.634841,367,606.150197
240.157654,404,606.348033
251.081125,389,606.517911
272.621533,366,606.861275
250.00674,425,607.058275
271.376293,370,607.215275
245.213654,412,607.590289
240.182589,405,607.763283
215.438139,529,608.174272
267.334816,500,608.395274
217.438726,344,608.708739
274.309958,367,609.518896
259.436867,353,609.670897
218.03493,376,610.00389
255.506966,338,610.161953
255.717972,352,610.311896
241.928646,369,610.6539
256.508278,329,610.804901
283.535436,333,610.955894
276.821708,358,611.281343
278.075682,378,611.452351
222.144181,385,611.614365
226.691366,404,611.981495
250.536678,383,612.145508
233.946648,424,612.502647
230.102407,379,612.677706
273.963743,460,612.873655
138.744055,1000,613.514102
250.525037,437,613.865511
221.558553,420,614.045512
273.39949,367,614.364511
243.788168,394,614.545588
257.022847,388,614.708512
239.440841,509,615.172125
241.920206,465,615.372396
226.830423,420,615.728394
250.945988,518,615.954458
201.276409,424,616.329393
246.014547,425,616.522401
232.916622,417,616.860393
275.098975,384,617.039885
215.223553,412,617.214893
208.717507,452,617.592563
226.342821,421,617.778563
284.329016,336,617.921563
215.72268,429,618.292569
235.896692,479,618.495563
260.754808,449,618.868563
276.368132,474,619.072487
218.551862,411,619.403476
245.44703,381,619.58923
263.049428,480,619.954751
241.575682,451,620.173755
278.492531,684,620.632748
215.731178,601,620.904816
231.866581,535,621.308748
261.701457,378,621.48182
237.572224,414,621.824814
236.206085,419,622.026821
223.767856,419,622.207819
230.30506,431,622.589045
233.395568,419,622.781039
256.960139,424,623.158619
260.777958,454,623.373631
248.484917,410,623.549621
250.490681,420,623.926697
14.187573,384,624.097815
238.515299,404,624.458813
269.574655,376,624.648962
238.636223,417,625.620828
210.451606,441,626.012663
219.866258,431,626.210461
235.543605,438,626.568453
220.115509,400,626.756519
272.8201,377,626.91512
203.876563,424,627.276123
97.085643,1000,627.89812
49.541067,296,628.032183
249.57553,424,628.215993
53.779261,344,628.552551
263.276743,429,628.738558
250.046221,756,629.236557
242.550776,447,629.427557
242.282503,439,629.799943
251.60785,386,629.971956
237.868827,446,630.332606
250.427644,395,630.517892
239.294526,414,630.692898
231.003158,475,631.070964
255.62259,428,631.259955
218.007714,409,631.620892
262.215093,378,631.794898
251.961026,433,632.135893
222.107729,390,632.331897
276.096592,381,632.499052
254.690472,420,632.854336
254.022829,381,633.028406
257.56534,395,633.20535
243.78589,385,633.547692
253.32504,471,633.771712
264.079968,414,634.124693
257.877147,447,634.325241
275.15326,483,634.700652
244.495659,383,634.891934
222.517362,424,635.072934
215.942676,427,635.428933
277.928578,388,635.595939
239.180442,400,635.944053
147.321738,1000,636.564047
226.158918,475,636.785056
233.792024,399,636.959924
263.928835,400,637.30985
218.658457,429,637.497867
241.856617,415,637.850869
241.456984,435,638.050945
281.074021,386,638.211868
227.075884,419,638.567866
239.957064,440,638.761868
232.969797,405,639.115955
214.133266,439,639.318385
263.936594,659,639.765814
215.162814,434,639.970822
230.901373,438,640.329817
238.566114,410,640.517332
244.418272,422,640.698324
244.199997,463,641.871673
212.768009,410,642.058867
244.264106,439,642.410898
264.635386,472,642.622957
265.270788,405,642.949903
261.780771,473,643.167907
245.432798,481,643.390373
276.762865,395,643.743891
256.121495,464,643.944982
220.737407,397,644.285977
237.847216,391,644.46498
245.071633,433,644.649981
225.709788,439,645.010978
253.872542,379,645.169986
252.892767,454,645.563702
263.33997,453,645.770749
50.328802,379,646.108902
152.158391,1000,646.7249
23.993736,340,646.886902
91.522978,1000,647.512817
231.831745,507,647.737191
202.075835,388,648.091926
235.551135,360,648.252933
252.7763,403,648.425932
251.778536,422,648.794943
264.549322,373,648.958945
250.261299,364,649.274943
263.722451,538,649.520957
252.300242,473,649.891273
284.603668,338,650.05578
259.366567,433,650.239788
274.771691,435,650.593784
217.125013,360,650.754839
276.617945,738,651.26478
251.243161,351,651.417793
252.103665,417,651.765245
268.237212,401,651.950245
277.563528,368,652.113879
269.08341,424,652.467872
256.783617,689,652.781166
272.515007,528,653.201173
288.173498,397,653.37923
264.456599,338,653.688398
213.927316,393,653.872458
262.81188,327,654.013399
266.773316,388,654.374377
-8.870694,314,654.520377
253.521789,404,654.692384
236.485237,388,655.029374
229.031669,591,655.285444
257.976995,385,655.622749
258.491759,347,655.779749
278.131294,362,655.935749
156.577017,1000,656.560578
269.52679,322,656.87057
33.02444,284,657.000573
225.010596,343,657.775002
